Godot Engine v4.7.1.stable.official.a13da4feb - https://godotengine.org

[   0% ] [90m[1mfirst_scan_filesystem[22m | Started Inicialización del proyecto (5 steps)[39m[0m
[   0% ] [90m[1mfirst_scan_filesystem[22m | Escaneando la estructura del archivo...[39m[0m
[  16% ] [90m[1mfirst_scan_filesystem[22m | Cargando nombres de clases globales...[39m[0m
[  33% ] [90m[1mfirst_scan_filesystem[22m | Verificando GDExtensions...[39m[0m
[  50% ] [90m[1mfirst_scan_filesystem[22m | Creando scripts de carga automática...[39m[0m
[  66% ] [90m[1mfirst_scan_filesystem[22m | Inicializando plugins...[39m[0m
[  83% ] [90m[1mfirst_scan_filesystem[22m | Iniciando escaneo de archivos...[39m[0m
[92m[ DONE ][39m [1mfirst_scan_filesystem[22m
[0m
[   0% ] [90m[1mupdate_scripts_classes[22m | Started Registrando clases globales... (14 steps)[39m[0m
[   0% ] [90m[1mupdate_scripts_classes[22m | [39m[0m
[   6% ] [90m[1mupdate_scripts_classes[22m | [39m[0m
[  13% ] [90m[1mupdate_scripts_classes[22m | NativeElevator[39m[0m
[  20% ] [90m[1mupdate_scripts_classes[22m | NativeEnemy[39m[0m
[  26% ] [90m[1mupdate_scripts_classes[22m | [39m[0m
[  33% ] [90m[1mupdate_scripts_classes[22m | [39m[0m
[  40% ] [90m[1mupdate_scripts_classes[22m | [39m[0m
[  46% ] [90m[1mupdate_scripts_classes[22m | NativeRasterRenderer[39m[0m
[  53% ] [90m[1mupdate_scripts_classes[22m | NativeCoreRenderer[39m[0m
[  60% ] [90m[1mupdate_scripts_classes[22m | NativePirate[39m[0m
[  66% ] [90m[1mupdate_scripts_classes[22m | NativeProgression[39m[0m
[  73% ] [90m[1mupdate_scripts_classes[22m | NativeRoom[39m[0m
[  80% ] [90m[1mupdate_scripts_classes[22m | NativeSamus[39m[0m
[  86% ] [90m[1mupdate_scripts_classes[22m | [39m[0m
[92m[ DONE ][39m [1mupdate_scripts_classes[22m
[0m
[   0% ] [90m[1m_update_scan_actions[22m | Started Escaneando acciones... (1256 steps)[39m[0m
[   0% ] [90m[1m_update_scan_actions[22m | 04_enhanced.png[39m[0m
[   0% ] [90m[1m_update_scan_actions[22m | 04_original.png[39m[0m
[   0% ] [90m[1m_update_scan_actions[22m | 05_enhanced.png[39m[0m
[   0% ] [90m[1m_update_scan_actions[22m | 05_original.png[39m[0m
[   0% ] [90m[1m_update_scan_actions[22m | 06_enhanced.png[39m[0m
[   0% ] [90m[1m_update_scan_actions[22m | 06_original.png[39m[0m
[   0% ] [90m[1m_update_scan_actions[22m | 07_enhanced.png[39m[0m
[   0% ] [90m[1m_update_scan_actions[22m | 07_original.png[39m[0m
[   0% ] [90m[1m_update_scan_actions[22m | 08_enhanced.png[39m[0m
[   0% ] [90m[1m_update_scan_actions[22m | 08_original.png[39m[0m
[   0% ] [90m[1m_update_scan_actions[22m | 09_enhanced.png[39m[0m
[   0% ] [90m[1m_update_scan_actions[22m | 09_original.png[39m[0m
[   0% ] [90m[1m_update_scan_actions[22m | 10_enhanced.png[39m[0m
[   1% ] [90m[1m_update_scan_actions[22m | 10_original.png[39m[0m
[   1% ] [90m[1m_update_scan_actions[22m | 11_enhanced.png[39m[0m
[   1% ] [90m[1m_update_scan_actions[22m | 11_original.png[39m[0m
[   1% ] [90m[1m_update_scan_actions[22m | 12_enhanced.png[39m[0m
[   1% ] [90m[1m_update_scan_actions[22m | 12_original.png[39m[0m
[   1% ] [90m[1m_update_scan_actions[22m | 13_enhanced.png[39m[0m
[   1% ] [90m[1m_update_scan_actions[22m | 13_original.png[39m[0m
[   1% ] [90m[1m_update_scan_actions[22m | 14_enhanced.png[39m[0m
[   1% ] [90m[1m_update_scan_actions[22m | 14_original.png[39m[0m
[   1% ] [90m[1m_update_scan_actions[22m | 15_enhanced.png[39m[0m
[   1% ] [90m[1m_update_scan_actions[22m | 15_original.png[39m[0m
[   1% ] [90m[1m_update_scan_actions[22m | 16_enhanced.png[39m[0m
[   1% ] [90m[1m_update_scan_actions[22m | 16_original.png[39m[0m
[   2% ] [90m[1m_update_scan_actions[22m | 17_enhanced.png[39m[0m
[   2% ] [90m[1m_update_scan_actions[22m | 17_original.png[39m[0m
[   2% ] [90m[1m_update_scan_actions[22m | 18_enhanced.png[39m[0m
[   2% ] [90m[1m_update_scan_actions[22m | 18_original.png[39m[0m
[   2% ] [90m[1m_update_scan_actions[22m | 19_enhanced.png[39m[0m
[   2% ] [90m[1m_update_scan_actions[22m | 19_original.png[39m[0m
[   2% ] [90m[1m_update_scan_actions[22m | 20_enhanced.png[39m[0m
[   2% ] [90m[1m_update_scan_actions[22m | 20_original.png[39m[0m
[   2% ] [90m[1m_update_scan_actions[22m | 04_enhanced.png[39m[0m
[   2% ] [90m[1m_update_scan_actions[22m | 04_original.png[39m[0m
[   2% ] [90m[1m_update_scan_actions[22m | 05_enhanced.png[39m[0m
[   2% ] [90m[1m_update_scan_actions[22m | 05_original.png[39m[0m
[   3% ] [90m[1m_update_scan_actions[22m | 06_enhanced.png[39m[0m
[   3% ] [90m[1m_update_scan_actions[22m | 06_original.png[39m[0m
[   3% ] [90m[1m_update_scan_actions[22m | 07_enhanced.png[39m[0m
[   3% ] [90m[1m_update_scan_actions[22m | 07_original.png[39m[0m
[   3% ] [90m[1m_update_scan_actions[22m | 08_enhanced.png[39m[0m
[   3% ] [90m[1m_update_scan_actions[22m | 08_original.png[39m[0m
[   3% ] [90m[1m_update_scan_actions[22m | 09_enhanced.png[39m[0m
[   3% ] [90m[1m_update_scan_actions[22m | 09_original.png[39m[0m
[   3% ] [90m[1m_update_scan_actions[22m | 10_enhanced.png[39m[0m
[   3% ] [90m[1m_update_scan_actions[22m | 10_original.png[39m[0m
[   3% ] [90m[1m_update_scan_actions[22m | 11_enhanced.png[39m[0m
[   3% ] [90m[1m_update_scan_actions[22m | 11_original.png[39m[0m
[   3% ] [90m[1m_update_scan_actions[22m | 12_enhanced.png[39m[0m
[   4% ] [90m[1m_update_scan_actions[22m | 12_original.png[39m[0m
[   4% ] [90m[1m_update_scan_actions[22m | 13_enhanced.png[39m[0m
[   4% ] [90m[1m_update_scan_actions[22m | 13_original.png[39m[0m
[   4% ] [90m[1m_update_scan_actions[22m | 14_enhanced.png[39m[0m
[   4% ] [90m[1m_update_scan_actions[22m | 14_original.png[39m[0m
[   4% ] [90m[1m_update_scan_actions[22m | 15_enhanced.png[39m[0m
[   4% ] [90m[1m_update_scan_actions[22m | 15_original.png[39m[0m
[   4% ] [90m[1m_update_scan_actions[22m | 16_enhanced.png[39m[0m
[   4% ] [90m[1m_update_scan_actions[22m | 16_original.png[39m[0m
[   4% ] [90m[1m_update_scan_actions[22m | 17_enhanced.png[39m[0m
[   4% ] [90m[1m_update_scan_actions[22m | 17_original.png[39m[0m
[   4% ] [90m[1m_update_scan_actions[22m | 18_enhanced.png[39m[0m
[   5% ] [90m[1m_update_scan_actions[22m | 18_original.png[39m[0m
[   5% ] [90m[1m_update_scan_actions[22m | 19_enhanced.png[39m[0m
[   5% ] [90m[1m_update_scan_actions[22m | 19_original.png[39m[0m
[   5% ] [90m[1m_update_scan_actions[22m | 20_enhanced.png[39m[0m
[   5% ] [90m[1m_update_scan_actions[22m | 20_original.png[39m[0m
[   5% ] [90m[1m_update_scan_actions[22m | 04_enhanced.png[39m[0m
[   5% ] [90m[1m_update_scan_actions[22m | 04_original.png[39m[0m
[   5% ] [90m[1m_update_scan_actions[22m | 05_enhanced.png[39m[0m
[   5% ] [90m[1m_update_scan_actions[22m | 05_original.png[39m[0m
[   5% ] [90m[1m_update_scan_actions[22m | 06_enhanced.png[39m[0m
[   5% ] [90m[1m_update_scan_actions[22m | 06_original.png[39m[0m
[   5% ] [90m[1m_update_scan_actions[22m | 07_enhanced.png[39m[0m
[   5% ] [90m[1m_update_scan_actions[22m | 07_original.png[39m[0m
[   6% ] [90m[1m_update_scan_actions[22m | 08_enhanced.png[39m[0m
[   6% ] [90m[1m_update_scan_actions[22m | 08_original.png[39m[0m
[   6% ] [90m[1m_update_scan_actions[22m | 09_enhanced.png[39m[0m
[   6% ] [90m[1m_update_scan_actions[22m | 09_original.png[39m[0m
[   6% ] [90m[1m_update_scan_actions[22m | 10_enhanced.png[39m[0m
[   6% ] [90m[1m_update_scan_actions[22m | 10_original.png[39m[0m
[   6% ] [90m[1m_update_scan_actions[22m | 11_enhanced.png[39m[0m
[   6% ] [90m[1m_update_scan_actions[22m | 11_original.png[39m[0m
[   6% ] [90m[1m_update_scan_actions[22m | 12_enhanced.png[39m[0m
[   6% ] [90m[1m_update_scan_actions[22m | 12_original.png[39m[0m
[   6% ] [90m[1m_update_scan_actions[22m | 13_enhanced.png[39m[0m
[   6% ] [90m[1m_update_scan_actions[22m | 13_original.png[39m[0m
[   7% ] [90m[1m_update_scan_actions[22m | 14_enhanced.png[39m[0m
[   7% ] [90m[1m_update_scan_actions[22m | 14_original.png[39m[0m
[   7% ] [90m[1m_update_scan_actions[22m | 15_enhanced.png[39m[0m
[   7% ] [90m[1m_update_scan_actions[22m | 15_original.png[39m[0m
[   7% ] [90m[1m_update_scan_actions[22m | 16_enhanced.png[39m[0m
[   7% ] [90m[1m_update_scan_actions[22m | 16_original.png[39m[0m
[   7% ] [90m[1m_update_scan_actions[22m | 17_enhanced.png[39m[0m
[   7% ] [90m[1m_update_scan_actions[22m | 17_original.png[39m[0m
[   7% ] [90m[1m_update_scan_actions[22m | 18_enhanced.png[39m[0m
[   7% ] [90m[1m_update_scan_actions[22m | 18_original.png[39m[0m
[   7% ] [90m[1m_update_scan_actions[22m | 19_enhanced.png[39m[0m
[   7% ] [90m[1m_update_scan_actions[22m | 19_original.png[39m[0m
[   7% ] [90m[1m_update_scan_actions[22m | 20_enhanced.png[39m[0m
[   8% ] [90m[1m_update_scan_actions[22m | 20_original.png[39m[0m
[   8% ] [90m[1m_update_scan_actions[22m | 04_enhanced.png[39m[0m
[   8% ] [90m[1m_update_scan_actions[22m | 04_original.png[39m[0m
[   8% ] [90m[1m_update_scan_actions[22m | 05_enhanced.png[39m[0m
[   8% ] [90m[1m_update_scan_actions[22m | 05_original.png[39m[0m
[   8% ] [90m[1m_update_scan_actions[22m | 06_enhanced.png[39m[0m
[   8% ] [90m[1m_update_scan_actions[22m | 06_original.png[39m[0m
[   8% ] [90m[1m_update_scan_actions[22m | 07_enhanced.png[39m[0m
[   8% ] [90m[1m_update_scan_actions[22m | 07_original.png[39m[0m
[   8% ] [90m[1m_update_scan_actions[22m | 08_enhanced.png[39m[0m
[   8% ] [90m[1m_update_scan_actions[22m | 08_original.png[39m[0m
[   8% ] [90m[1m_update_scan_actions[22m | 09_enhanced.png[39m[0m
[   8% ] [90m[1m_update_scan_actions[22m | 09_original.png[39m[0m
[   9% ] [90m[1m_update_scan_actions[22m | 10_enhanced.png[39m[0m
[   9% ] [90m[1m_update_scan_actions[22m | 10_original.png[39m[0m
[   9% ] [90m[1m_update_scan_actions[22m | 11_enhanced.png[39m[0m
[   9% ] [90m[1m_update_scan_actions[22m | 11_original.png[39m[0m
[   9% ] [90m[1m_update_scan_actions[22m | 12_enhanced.png[39m[0m
[   9% ] [90m[1m_update_scan_actions[22m | 12_original.png[39m[0m
[   9% ] [90m[1m_update_scan_actions[22m | 13_enhanced.png[39m[0m
[   9% ] [90m[1m_update_scan_actions[22m | 13_original.png[39m[0m
[   9% ] [90m[1m_update_scan_actions[22m | 14_enhanced.png[39m[0m
[   9% ] [90m[1m_update_scan_actions[22m | 14_original.png[39m[0m
[   9% ] [90m[1m_update_scan_actions[22m | 15_enhanced.png[39m[0m
[   9% ] [90m[1m_update_scan_actions[22m | 15_original.png[39m[0m
[  10% ] [90m[1m_update_scan_actions[22m | 16_enhanced.png[39m[0m
[  10% ] [90m[1m_update_scan_actions[22m | 16_original.png[39m[0m
[  10% ] [90m[1m_update_scan_actions[22m | 17_enhanced.png[39m[0m
[  10% ] [90m[1m_update_scan_actions[22m | 17_original.png[39m[0m
[  10% ] [90m[1m_update_scan_actions[22m | 18_enhanced.png[39m[0m
[  10% ] [90m[1m_update_scan_actions[22m | 18_original.png[39m[0m
[  10% ] [90m[1m_update_scan_actions[22m | 19_enhanced.png[39m[0m
[  10% ] [90m[1m_update_scan_actions[22m | 19_original.png[39m[0m
[  10% ] [90m[1m_update_scan_actions[22m | 20_enhanced.png[39m[0m
[  10% ] [90m[1m_update_scan_actions[22m | 20_original.png[39m[0m
[  10% ] [90m[1m_update_scan_actions[22m | 04_enhanced.png[39m[0m
[  10% ] [90m[1m_update_scan_actions[22m | 04_original.png[39m[0m
[  10% ] [90m[1m_update_scan_actions[22m | 05_enhanced.png[39m[0m
[  11% ] [90m[1m_update_scan_actions[22m | 05_original.png[39m[0m
[  11% ] [90m[1m_update_scan_actions[22m | 06_enhanced.png[39m[0m
[  11% ] [90m[1m_update_scan_actions[22m | 06_original.png[39m[0m
[  11% ] [90m[1m_update_scan_actions[22m | 07_enhanced.png[39m[0m
[  11% ] [90m[1m_update_scan_actions[22m | 07_original.png[39m[0m
[  11% ] [90m[1m_update_scan_actions[22m | 08_enhanced.png[39m[0m
[  11% ] [90m[1m_update_scan_actions[22m | 08_original.png[39m[0m
[  11% ] [90m[1m_update_scan_actions[22m | 09_enhanced.png[39m[0m
[  11% ] [90m[1m_update_scan_actions[22m | 09_original.png[39m[0m
[  11% ] [90m[1m_update_scan_actions[22m | 10_enhanced.png[39m[0m
[  11% ] [90m[1m_update_scan_actions[22m | 10_original.png[39m[0m
[  11% ] [90m[1m_update_scan_actions[22m | 11_enhanced.png[39m[0m
[  12% ] [90m[1m_update_scan_actions[22m | 11_original.png[39m[0m
[  12% ] [90m[1m_update_scan_actions[22m | 12_enhanced.png[39m[0m
[  12% ] [90m[1m_update_scan_actions[22m | 12_original.png[39m[0m
[  12% ] [90m[1m_update_scan_actions[22m | 13_enhanced.png[39m[0m
[  12% ] [90m[1m_update_scan_actions[22m | 13_original.png[39m[0m
[  12% ] [90m[1m_update_scan_actions[22m | 14_enhanced.png[39m[0m
[  12% ] [90m[1m_update_scan_actions[22m | 14_original.png[39m[0m
[  12% ] [90m[1m_update_scan_actions[22m | 15_enhanced.png[39m[0m
[  12% ] [90m[1m_update_scan_actions[22m | 15_original.png[39m[0m
[  12% ] [90m[1m_update_scan_actions[22m | 16_enhanced.png[39m[0m
[  12% ] [90m[1m_update_scan_actions[22m | 16_original.png[39m[0m
[  12% ] [90m[1m_update_scan_actions[22m | 17_enhanced.png[39m[0m
[  12% ] [90m[1m_update_scan_actions[22m | 17_original.png[39m[0m
[  13% ] [90m[1m_update_scan_actions[22m | 18_enhanced.png[39m[0m
[  13% ] [90m[1m_update_scan_actions[22m | 18_original.png[39m[0m
[  13% ] [90m[1m_update_scan_actions[22m | 19_enhanced.png[39m[0m
[  13% ] [90m[1m_update_scan_actions[22m | 19_original.png[39m[0m
[  13% ] [90m[1m_update_scan_actions[22m | 20_enhanced.png[39m[0m
[  13% ] [90m[1m_update_scan_actions[22m | 20_original.png[39m[0m
[  13% ] [90m[1m_update_scan_actions[22m | 04_enhanced.png[39m[0m
[  13% ] [90m[1m_update_scan_actions[22m | 04_original.png[39m[0m
[  13% ] [90m[1m_update_scan_actions[22m | 05_enhanced.png[39m[0m
[  13% ] [90m[1m_update_scan_actions[22m | 05_original.png[39m[0m
[  13% ] [90m[1m_update_scan_actions[22m | 06_enhanced.png[39m[0m
[  13% ] [90m[1m_update_scan_actions[22m | 06_original.png[39m[0m
[  14% ] [90m[1m_update_scan_actions[22m | 07_enhanced.png[39m[0m
[  14% ] [90m[1m_update_scan_actions[22m | 07_original.png[39m[0m
[  14% ] [90m[1m_update_scan_actions[22m | 08_enhanced.png[39m[0m
[  14% ] [90m[1m_update_scan_actions[22m | 08_original.png[39m[0m
[  14% ] [90m[1m_update_scan_actions[22m | 09_enhanced.png[39m[0m
[  14% ] [90m[1m_update_scan_actions[22m | 09_original.png[39m[0m
[  14% ] [90m[1m_update_scan_actions[22m | 10_enhanced.png[39m[0m
[  14% ] [90m[1m_update_scan_actions[22m | 10_original.png[39m[0m
[  14% ] [90m[1m_update_scan_actions[22m | 11_enhanced.png[39m[0m
[  14% ] [90m[1m_update_scan_actions[22m | 11_original.png[39m[0m
[  14% ] [90m[1m_update_scan_actions[22m | 12_enhanced.png[39m[0m
[  14% ] [90m[1m_update_scan_actions[22m | 12_original.png[39m[0m
[  14% ] [90m[1m_update_scan_actions[22m | 13_enhanced.png[39m[0m
[  15% ] [90m[1m_update_scan_actions[22m | 13_original.png[39m[0m
[  15% ] [90m[1m_update_scan_actions[22m | 14_enhanced.png[39m[0m
[  15% ] [90m[1m_update_scan_actions[22m | 14_original.png[39m[0m
[  15% ] [90m[1m_update_scan_actions[22m | 15_enhanced.png[39m[0m
[  15% ] [90m[1m_update_scan_actions[22m | 15_original.png[39m[0m
[  15% ] [90m[1m_update_scan_actions[22m | 16_enhanced.png[39m[0m
[  15% ] [90m[1m_update_scan_actions[22m | 16_original.png[39m[0m
[  15% ] [90m[1m_update_scan_actions[22m | 17_enhanced.png[39m[0m
[  15% ] [90m[1m_update_scan_actions[22m | 17_original.png[39m[0m
[  15% ] [90m[1m_update_scan_actions[22m | 18_enhanced.png[39m[0m
[  15% ] [90m[1m_update_scan_actions[22m | 18_original.png[39m[0m
[  15% ] [90m[1m_update_scan_actions[22m | 19_enhanced.png[39m[0m
[  15% ] [90m[1m_update_scan_actions[22m | 19_original.png[39m[0m
[  16% ] [90m[1m_update_scan_actions[22m | 20_enhanced.png[39m[0m
[  16% ] [90m[1m_update_scan_actions[22m | 20_original.png[39m[0m
[  16% ] [90m[1m_update_scan_actions[22m | 04_enhanced.png[39m[0m
[  16% ] [90m[1m_update_scan_actions[22m | 04_original.png[39m[0m
[  16% ] [90m[1m_update_scan_actions[22m | 05_enhanced.png[39m[0m
[  16% ] [90m[1m_update_scan_actions[22m | 05_original.png[39m[0m
[  16% ] [90m[1m_update_scan_actions[22m | 06_enhanced.png[39m[0m
[  16% ] [90m[1m_update_scan_actions[22m | 06_original.png[39m[0m
[  16% ] [90m[1m_update_scan_actions[22m | 07_enhanced.png[39m[0m
[  16% ] [90m[1m_update_scan_actions[22m | 07_original.png[39m[0m
[  16% ] [90m[1m_update_scan_actions[22m | 08_enhanced.png[39m[0m
[  16% ] [90m[1m_update_scan_actions[22m | 08_original.png[39m[0m
[  17% ] [90m[1m_update_scan_actions[22m | 09_enhanced.png[39m[0m
[  17% ] [90m[1m_update_scan_actions[22m | 09_original.png[39m[0m
[  17% ] [90m[1m_update_scan_actions[22m | 10_enhanced.png[39m[0m
[  17% ] [90m[1m_update_scan_actions[22m | 10_original.png[39m[0m
[  17% ] [90m[1m_update_scan_actions[22m | 11_enhanced.png[39m[0m
[  17% ] [90m[1m_update_scan_actions[22m | 11_original.png[39m[0m
[  17% ] [90m[1m_update_scan_actions[22m | 12_enhanced.png[39m[0m
[  17% ] [90m[1m_update_scan_actions[22m | 12_original.png[39m[0m
[  17% ] [90m[1m_update_scan_actions[22m | 13_enhanced.png[39m[0m
[  17% ] [90m[1m_update_scan_actions[22m | 13_original.png[39m[0m
[  17% ] [90m[1m_update_scan_actions[22m | 14_enhanced.png[39m[0m
[  17% ] [90m[1m_update_scan_actions[22m | 14_original.png[39m[0m
[  17% ] [90m[1m_update_scan_actions[22m | 15_enhanced.png[39m[0m
[  18% ] [90m[1m_update_scan_actions[22m | 15_original.png[39m[0m
[  18% ] [90m[1m_update_scan_actions[22m | 16_enhanced.png[39m[0m
[  18% ] [90m[1m_update_scan_actions[22m | 16_original.png[39m[0m
[  18% ] [90m[1m_update_scan_actions[22m | 17_enhanced.png[39m[0m
[  18% ] [90m[1m_update_scan_actions[22m | 17_original.png[39m[0m
[  18% ] [90m[1m_update_scan_actions[22m | 18_enhanced.png[39m[0m
[  18% ] [90m[1m_update_scan_actions[22m | 18_original.png[39m[0m
[  18% ] [90m[1m_update_scan_actions[22m | 19_enhanced.png[39m[0m
[  18% ] [90m[1m_update_scan_actions[22m | 19_original.png[39m[0m
[  18% ] [90m[1m_update_scan_actions[22m | 20_enhanced.png[39m[0m
[  18% ] [90m[1m_update_scan_actions[22m | 20_original.png[39m[0m
[  18% ] [90m[1m_update_scan_actions[22m | 04_enhanced.png[39m[0m
[  19% ] [90m[1m_update_scan_actions[22m | 04_original.png[39m[0m
[  19% ] [90m[1m_update_scan_actions[22m | 05_enhanced.png[39m[0m
[  19% ] [90m[1m_update_scan_actions[22m | 05_original.png[39m[0m
[  19% ] [90m[1m_update_scan_actions[22m | 06_enhanced.png[39m[0m
[  19% ] [90m[1m_update_scan_actions[22m | 06_original.png[39m[0m
[  19% ] [90m[1m_update_scan_actions[22m | 07_enhanced.png[39m[0m
[  19% ] [90m[1m_update_scan_actions[22m | 07_original.png[39m[0m
[  19% ] [90m[1m_update_scan_actions[22m | 08_enhanced.png[39m[0m
[  19% ] [90m[1m_update_scan_actions[22m | 08_original.png[39m[0m
[  19% ] [90m[1m_update_scan_actions[22m | 09_enhanced.png[39m[0m
[  19% ] [90m[1m_update_scan_actions[22m | 09_original.png[39m[0m
[  19% ] [90m[1m_update_scan_actions[22m | 10_enhanced.png[39m[0m
[  19% ] [90m[1m_update_scan_actions[22m | 10_original.png[39m[0m
[  20% ] [90m[1m_update_scan_actions[22m | 11_enhanced.png[39m[0m
[  20% ] [90m[1m_update_scan_actions[22m | 11_original.png[39m[0m
[  20% ] [90m[1m_update_scan_actions[22m | 12_enhanced.png[39m[0m
[  20% ] [90m[1m_update_scan_actions[22m | 12_original.png[39m[0m
[  20% ] [90m[1m_update_scan_actions[22m | 13_enhanced.png[39m[0m
[  20% ] [90m[1m_update_scan_actions[22m | 13_original.png[39m[0m
[  20% ] [90m[1m_update_scan_actions[22m | 14_enhanced.png[39m[0m
[  20% ] [90m[1m_update_scan_actions[22m | 14_original.png[39m[0m
[  20% ] [90m[1m_update_scan_actions[22m | 15_enhanced.png[39m[0m
[  20% ] [90m[1m_update_scan_actions[22m | 15_original.png[39m[0m
[  20% ] [90m[1m_update_scan_actions[22m | 16_enhanced.png[39m[0m
[  20% ] [90m[1m_update_scan_actions[22m | 16_original.png[39m[0m
[  21% ] [90m[1m_update_scan_actions[22m | 17_enhanced.png[39m[0m
[  21% ] [90m[1m_update_scan_actions[22m | 17_original.png[39m[0m
[  21% ] [90m[1m_update_scan_actions[22m | 18_enhanced.png[39m[0m
[  21% ] [90m[1m_update_scan_actions[22m | 18_original.png[39m[0m
[  21% ] [90m[1m_update_scan_actions[22m | 19_enhanced.png[39m[0m
[  21% ] [90m[1m_update_scan_actions[22m | 19_original.png[39m[0m
[  21% ] [90m[1m_update_scan_actions[22m | 20_enhanced.png[39m[0m
[  21% ] [90m[1m_update_scan_actions[22m | 20_original.png[39m[0m
[  21% ] [90m[1m_update_scan_actions[22m | 04_enhanced.png[39m[0m
[  21% ] [90m[1m_update_scan_actions[22m | 04_original.png[39m[0m
[  21% ] [90m[1m_update_scan_actions[22m | 05_enhanced.png[39m[0m
[  21% ] [90m[1m_update_scan_actions[22m | 05_original.png[39m[0m
[  21% ] [90m[1m_update_scan_actions[22m | 06_enhanced.png[39m[0m
[  22% ] [90m[1m_update_scan_actions[22m | 06_original.png[39m[0m
[  22% ] [90m[1m_update_scan_actions[22m | 07_enhanced.png[39m[0m
[  22% ] [90m[1m_update_scan_actions[22m | 07_original.png[39m[0m
[  22% ] [90m[1m_update_scan_actions[22m | 08_enhanced.png[39m[0m
[  22% ] [90m[1m_update_scan_actions[22m | 08_original.png[39m[0m
[  22% ] [90m[1m_update_scan_actions[22m | 09_enhanced.png[39m[0m
[  22% ] [90m[1m_update_scan_actions[22m | 09_original.png[39m[0m
[  22% ] [90m[1m_update_scan_actions[22m | 10_enhanced.png[39m[0m
[  22% ] [90m[1m_update_scan_actions[22m | 10_original.png[39m[0m
[  22% ] [90m[1m_update_scan_actions[22m | 11_enhanced.png[39m[0m
[  22% ] [90m[1m_update_scan_actions[22m | 11_original.png[39m[0m
[  22% ] [90m[1m_update_scan_actions[22m | 12_enhanced.png[39m[0m
[  22% ] [90m[1m_update_scan_actions[22m | 12_original.png[39m[0m
[  23% ] [90m[1m_update_scan_actions[22m | 13_enhanced.png[39m[0m
[  23% ] [90m[1m_update_scan_actions[22m | 13_original.png[39m[0m
[  23% ] [90m[1m_update_scan_actions[22m | 14_enhanced.png[39m[0m
[  23% ] [90m[1m_update_scan_actions[22m | 14_original.png[39m[0m
[  23% ] [90m[1m_update_scan_actions[22m | 15_enhanced.png[39m[0m
[  23% ] [90m[1m_update_scan_actions[22m | 15_original.png[39m[0m
[  23% ] [90m[1m_update_scan_actions[22m | 16_enhanced.png[39m[0m
[  23% ] [90m[1m_update_scan_actions[22m | 16_original.png[39m[0m
[  23% ] [90m[1m_update_scan_actions[22m | 17_enhanced.png[39m[0m
[  23% ] [90m[1m_update_scan_actions[22m | 17_original.png[39m[0m
[  23% ] [90m[1m_update_scan_actions[22m | 18_enhanced.png[39m[0m
[  23% ] [90m[1m_update_scan_actions[22m | 18_original.png[39m[0m
[  24% ] [90m[1m_update_scan_actions[22m | 19_enhanced.png[39m[0m
[  24% ] [90m[1m_update_scan_actions[22m | 19_original.png[39m[0m
[  24% ] [90m[1m_update_scan_actions[22m | 20_enhanced.png[39m[0m
[  24% ] [90m[1m_update_scan_actions[22m | 20_original.png[39m[0m
[  24% ] [90m[1m_update_scan_actions[22m | 04_enhanced.png[39m[0m
[  24% ] [90m[1m_update_scan_actions[22m | 04_original.png[39m[0m
[  24% ] [90m[1m_update_scan_actions[22m | 05_enhanced.png[39m[0m
[  24% ] [90m[1m_update_scan_actions[22m | 05_original.png[39m[0m
[  24% ] [90m[1m_update_scan_actions[22m | 06_enhanced.png[39m[0m
[  24% ] [90m[1m_update_scan_actions[22m | 06_original.png[39m[0m
[  24% ] [90m[1m_update_scan_actions[22m | 07_enhanced.png[39m[0m
[  24% ] [90m[1m_update_scan_actions[22m | 07_original.png[39m[0m
[  24% ] [90m[1m_update_scan_actions[22m | 08_enhanced.png[39m[0m
[  25% ] [90m[1m_update_scan_actions[22m | 08_original.png[39m[0m
[  25% ] [90m[1m_update_scan_actions[22m | 09_enhanced.png[39m[0m
[  25% ] [90m[1m_update_scan_actions[22m | 09_original.png[39m[0m
[  25% ] [90m[1m_update_scan_actions[22m | 10_enhanced.png[39m[0m
[  25% ] [90m[1m_update_scan_actions[22m | 10_original.png[39m[0m
[  25% ] [90m[1m_update_scan_actions[22m | 11_enhanced.png[39m[0m
[  25% ] [90m[1m_update_scan_actions[22m | 11_original.png[39m[0m
[  25% ] [90m[1m_update_scan_actions[22m | 12_enhanced.png[39m[0m
[  25% ] [90m[1m_update_scan_actions[22m | 12_original.png[39m[0m
[  25% ] [90m[1m_update_scan_actions[22m | 13_enhanced.png[39m[0m
[  25% ] [90m[1m_update_scan_actions[22m | 13_original.png[39m[0m
[  25% ] [90m[1m_update_scan_actions[22m | 14_enhanced.png[39m[0m
[  26% ] [90m[1m_update_scan_actions[22m | 14_original.png[39m[0m
[  26% ] [90m[1m_update_scan_actions[22m | 15_enhanced.png[39m[0m
[  26% ] [90m[1m_update_scan_actions[22m | 15_original.png[39m[0m
[  26% ] [90m[1m_update_scan_actions[22m | 16_enhanced.png[39m[0m
[  26% ] [90m[1m_update_scan_actions[22m | 16_original.png[39m[0m
[  26% ] [90m[1m_update_scan_actions[22m | 17_enhanced.png[39m[0m
[  26% ] [90m[1m_update_scan_actions[22m | 17_original.png[39m[0m
[  26% ] [90m[1m_update_scan_actions[22m | 18_enhanced.png[39m[0m
[  26% ] [90m[1m_update_scan_actions[22m | 18_original.png[39m[0m
[  26% ] [90m[1m_update_scan_actions[22m | 19_enhanced.png[39m[0m
[  26% ] [90m[1m_update_scan_actions[22m | 19_original.png[39m[0m
[  26% ] [90m[1m_update_scan_actions[22m | 20_enhanced.png[39m[0m
[  26% ] [90m[1m_update_scan_actions[22m | 20_original.png[39m[0m
[  27% ] [90m[1m_update_scan_actions[22m | 04_enhanced.png[39m[0m
[  27% ] [90m[1m_update_scan_actions[22m | 04_original.png[39m[0m
[  27% ] [90m[1m_update_scan_actions[22m | 05_enhanced.png[39m[0m
[  27% ] [90m[1m_update_scan_actions[22m | 05_original.png[39m[0m
[  27% ] [90m[1m_update_scan_actions[22m | 06_enhanced.png[39m[0m
[  27% ] [90m[1m_update_scan_actions[22m | 06_original.png[39m[0m
[  27% ] [90m[1m_update_scan_actions[22m | 07_enhanced.png[39m[0m
[  27% ] [90m[1m_update_scan_actions[22m | 07_original.png[39m[0m
[  27% ] [90m[1m_update_scan_actions[22m | 08_enhanced.png[39m[0m
[  27% ] [90m[1m_update_scan_actions[22m | 08_original.png[39m[0m
[  27% ] [90m[1m_update_scan_actions[22m | 09_enhanced.png[39m[0m
[  27% ] [90m[1m_update_scan_actions[22m | 09_original.png[39m[0m
[  28% ] [90m[1m_update_scan_actions[22m | 10_enhanced.png[39m[0m
[  28% ] [90m[1m_update_scan_actions[22m | 10_original.png[39m[0m
[  28% ] [90m[1m_update_scan_actions[22m | 11_enhanced.png[39m[0m
[  28% ] [90m[1m_update_scan_actions[22m | 11_original.png[39m[0m
[  28% ] [90m[1m_update_scan_actions[22m | 12_enhanced.png[39m[0m
[  28% ] [90m[1m_update_scan_actions[22m | 12_original.png[39m[0m
[  28% ] [90m[1m_update_scan_actions[22m | 13_enhanced.png[39m[0m
[  28% ] [90m[1m_update_scan_actions[22m | 13_original.png[39m[0m
[  28% ] [90m[1m_update_scan_actions[22m | 14_enhanced.png[39m[0m
[  28% ] [90m[1m_update_scan_actions[22m | 14_original.png[39m[0m
[  28% ] [90m[1m_update_scan_actions[22m | 15_enhanced.png[39m[0m
[  28% ] [90m[1m_update_scan_actions[22m | 15_original.png[39m[0m
[  28% ] [90m[1m_update_scan_actions[22m | 16_enhanced.png[39m[0m
[  29% ] [90m[1m_update_scan_actions[22m | 16_original.png[39m[0m
[  29% ] [90m[1m_update_scan_actions[22m | 17_enhanced.png[39m[0m
[  29% ] [90m[1m_update_scan_actions[22m | 17_original.png[39m[0m
[  29% ] [90m[1m_update_scan_actions[22m | 18_enhanced.png[39m[0m
[  29% ] [90m[1m_update_scan_actions[22m | 18_original.png[39m[0m
[  29% ] [90m[1m_update_scan_actions[22m | 19_enhanced.png[39m[0m
[  29% ] [90m[1m_update_scan_actions[22m | 19_original.png[39m[0m
[  29% ] [90m[1m_update_scan_actions[22m | 20_enhanced.png[39m[0m
[  29% ] [90m[1m_update_scan_actions[22m | 20_original.png[39m[0m
[  29% ] [90m[1m_update_scan_actions[22m | 04_enhanced.png[39m[0m
[  29% ] [90m[1m_update_scan_actions[22m | 04_original.png[39m[0m
[  29% ] [90m[1m_update_scan_actions[22m | 05_enhanced.png[39m[0m
[  29% ] [90m[1m_update_scan_actions[22m | 05_original.png[39m[0m
[  30% ] [90m[1m_update_scan_actions[22m | 06_enhanced.png[39m[0m
[  30% ] [90m[1m_update_scan_actions[22m | 06_original.png[39m[0m
[  30% ] [90m[1m_update_scan_actions[22m | 07_enhanced.png[39m[0m
[  30% ] [90m[1m_update_scan_actions[22m | 07_original.png[39m[0m
[  30% ] [90m[1m_update_scan_actions[22m | 08_enhanced.png[39m[0m
[  30% ] [90m[1m_update_scan_actions[22m | 08_original.png[39m[0m
[  30% ] [90m[1m_update_scan_actions[22m | 09_enhanced.png[39m[0m
[  30% ] [90m[1m_update_scan_actions[22m | 09_original.png[39m[0m
[  30% ] [90m[1m_update_scan_actions[22m | 10_enhanced.png[39m[0m
[  30% ] [90m[1m_update_scan_actions[22m | 10_original.png[39m[0m
[  30% ] [90m[1m_update_scan_actions[22m | 11_enhanced.png[39m[0m
[  30% ] [90m[1m_update_scan_actions[22m | 11_original.png[39m[0m
[  31% ] [90m[1m_update_scan_actions[22m | 12_enhanced.png[39m[0m
[  31% ] [90m[1m_update_scan_actions[22m | 12_original.png[39m[0m
[  31% ] [90m[1m_update_scan_actions[22m | 13_enhanced.png[39m[0m
[  31% ] [90m[1m_update_scan_actions[22m | 13_original.png[39m[0m
[  31% ] [90m[1m_update_scan_actions[22m | 14_enhanced.png[39m[0m
[  31% ] [90m[1m_update_scan_actions[22m | 14_original.png[39m[0m
[  31% ] [90m[1m_update_scan_actions[22m | 15_enhanced.png[39m[0m
[  31% ] [90m[1m_update_scan_actions[22m | 15_original.png[39m[0m
[  31% ] [90m[1m_update_scan_actions[22m | 16_enhanced.png[39m[0m
[  31% ] [90m[1m_update_scan_actions[22m | 16_original.png[39m[0m
[  31% ] [90m[1m_update_scan_actions[22m | 17_enhanced.png[39m[0m
[  31% ] [90m[1m_update_scan_actions[22m | 17_original.png[39m[0m
[  31% ] [90m[1m_update_scan_actions[22m | 18_enhanced.png[39m[0m
[  32% ] [90m[1m_update_scan_actions[22m | 18_original.png[39m[0m
[  32% ] [90m[1m_update_scan_actions[22m | 19_enhanced.png[39m[0m
[  32% ] [90m[1m_update_scan_actions[22m | 19_original.png[39m[0m
[  32% ] [90m[1m_update_scan_actions[22m | 20_enhanced.png[39m[0m
[  32% ] [90m[1m_update_scan_actions[22m | 20_original.png[39m[0m
[  32% ] [90m[1m_update_scan_actions[22m | 04_enhanced.png[39m[0m
[  32% ] [90m[1m_update_scan_actions[22m | 04_original.png[39m[0m
[  32% ] [90m[1m_update_scan_actions[22m | 05_enhanced.png[39m[0m
[  32% ] [90m[1m_update_scan_actions[22m | 05_original.png[39m[0m
[  32% ] [90m[1m_update_scan_actions[22m | 06_enhanced.png[39m[0m
[  32% ] [90m[1m_update_scan_actions[22m | 06_original.png[39m[0m
[  32% ] [90m[1m_update_scan_actions[22m | 07_enhanced.png[39m[0m
[  33% ] [90m[1m_update_scan_actions[22m | 07_original.png[39m[0m
[  33% ] [90m[1m_update_scan_actions[22m | 08_enhanced.png[39m[0m
[  33% ] [90m[1m_update_scan_actions[22m | 08_original.png[39m[0m
[  33% ] [90m[1m_update_scan_actions[22m | 09_enhanced.png[39m[0m
[  33% ] [90m[1m_update_scan_actions[22m | 09_original.png[39m[0m
[  33% ] [90m[1m_update_scan_actions[22m | 10_enhanced.png[39m[0m
[  33% ] [90m[1m_update_scan_actions[22m | 10_original.png[39m[0m
[  33% ] [90m[1m_update_scan_actions[22m | 11_enhanced.png[39m[0m
[  33% ] [90m[1m_update_scan_actions[22m | 11_original.png[39m[0m
[  33% ] [90m[1m_update_scan_actions[22m | 12_enhanced.png[39m[0m
[  33% ] [90m[1m_update_scan_actions[22m | 12_original.png[39m[0m
[  33% ] [90m[1m_update_scan_actions[22m | 13_enhanced.png[39m[0m
[  33% ] [90m[1m_update_scan_actions[22m | 13_original.png[39m[0m
[  34% ] [90m[1m_update_scan_actions[22m | 14_enhanced.png[39m[0m
[  34% ] [90m[1m_update_scan_actions[22m | 14_original.png[39m[0m
[  34% ] [90m[1m_update_scan_actions[22m | 15_enhanced.png[39m[0m
[  34% ] [90m[1m_update_scan_actions[22m | 15_original.png[39m[0m
[  34% ] [90m[1m_update_scan_actions[22m | 16_enhanced.png[39m[0m
[  34% ] [90m[1m_update_scan_actions[22m | 16_original.png[39m[0m
[  34% ] [90m[1m_update_scan_actions[22m | 17_enhanced.png[39m[0m
[  34% ] [90m[1m_update_scan_actions[22m | 17_original.png[39m[0m
[  34% ] [90m[1m_update_scan_actions[22m | 18_enhanced.png[39m[0m
[  34% ] [90m[1m_update_scan_actions[22m | 18_original.png[39m[0m
[  34% ] [90m[1m_update_scan_actions[22m | 19_enhanced.png[39m[0m
[  34% ] [90m[1m_update_scan_actions[22m | 19_original.png[39m[0m
[  35% ] [90m[1m_update_scan_actions[22m | 20_enhanced.png[39m[0m
[  35% ] [90m[1m_update_scan_actions[22m | 20_original.png[39m[0m
[  35% ] [90m[1m_update_scan_actions[22m | 04_enhanced.png[39m[0m
[  35% ] [90m[1m_update_scan_actions[22m | 04_original.png[39m[0m
[  35% ] [90m[1m_update_scan_actions[22m | 05_enhanced.png[39m[0m
[  35% ] [90m[1m_update_scan_actions[22m | 05_original.png[39m[0m
[  35% ] [90m[1m_update_scan_actions[22m | 06_enhanced.png[39m[0m
[  35% ] [90m[1m_update_scan_actions[22m | 06_original.png[39m[0m
[  35% ] [90m[1m_update_scan_actions[22m | 07_enhanced.png[39m[0m
[  35% ] [90m[1m_update_scan_actions[22m | 07_original.png[39m[0m
[  35% ] [90m[1m_update_scan_actions[22m | 08_enhanced.png[39m[0m
[  35% ] [90m[1m_update_scan_actions[22m | 08_original.png[39m[0m
[  35% ] [90m[1m_update_scan_actions[22m | 09_enhanced.png[39m[0m
[  36% ] [90m[1m_update_scan_actions[22m | 09_original.png[39m[0m
[  36% ] [90m[1m_update_scan_actions[22m | 10_enhanced.png[39m[0m
[  36% ] [90m[1m_update_scan_actions[22m | 10_original.png[39m[0m
[  36% ] [90m[1m_update_scan_actions[22m | 11_enhanced.png[39m[0m
[  36% ] [90m[1m_update_scan_actions[22m | 11_original.png[39m[0m
[  36% ] [90m[1m_update_scan_actions[22m | 12_enhanced.png[39m[0m
[  36% ] [90m[1m_update_scan_actions[22m | 12_original.png[39m[0m
[  36% ] [90m[1m_update_scan_actions[22m | 13_enhanced.png[39m[0m
[  36% ] [90m[1m_update_scan_actions[22m | 13_original.png[39m[0m
[  36% ] [90m[1m_update_scan_actions[22m | 14_enhanced.png[39m[0m
[  36% ] [90m[1m_update_scan_actions[22m | 14_original.png[39m[0m
[  36% ] [90m[1m_update_scan_actions[22m | 15_enhanced.png[39m[0m
[  36% ] [90m[1m_update_scan_actions[22m | 15_original.png[39m[0m
[  37% ] [90m[1m_update_scan_actions[22m | 16_enhanced.png[39m[0m
[  37% ] [90m[1m_update_scan_actions[22m | 16_original.png[39m[0m
[  37% ] [90m[1m_update_scan_actions[22m | 17_enhanced.png[39m[0m
[  37% ] [90m[1m_update_scan_actions[22m | 17_original.png[39m[0m
[  37% ] [90m[1m_update_scan_actions[22m | 18_enhanced.png[39m[0m
[  37% ] [90m[1m_update_scan_actions[22m | 18_original.png[39m[0m
[  37% ] [90m[1m_update_scan_actions[22m | 19_enhanced.png[39m[0m
[  37% ] [90m[1m_update_scan_actions[22m | 19_original.png[39m[0m
[  37% ] [90m[1m_update_scan_actions[22m | 20_enhanced.png[39m[0m
[  37% ] [90m[1m_update_scan_actions[22m | 20_original.png[39m[0m
[  37% ] [90m[1m_update_scan_actions[22m | 04_enhanced.png[39m[0m
[  37% ] [90m[1m_update_scan_actions[22m | 04_original.png[39m[0m
[  38% ] [90m[1m_update_scan_actions[22m | 05_enhanced.png[39m[0m
[  38% ] [90m[1m_update_scan_actions[22m | 05_original.png[39m[0m
[  38% ] [90m[1m_update_scan_actions[22m | 06_enhanced.png[39m[0m
[  38% ] [90m[1m_update_scan_actions[22m | 06_original.png[39m[0m
[  38% ] [90m[1m_update_scan_actions[22m | 07_enhanced.png[39m[0m
[  38% ] [90m[1m_update_scan_actions[22m | 07_original.png[39m[0m
[  38% ] [90m[1m_update_scan_actions[22m | 08_enhanced.png[39m[0m
[  38% ] [90m[1m_update_scan_actions[22m | 08_original.png[39m[0m
[  38% ] [90m[1m_update_scan_actions[22m | 09_enhanced.png[39m[0m
[  38% ] [90m[1m_update_scan_actions[22m | 09_original.png[39m[0m
[  38% ] [90m[1m_update_scan_actions[22m | 10_enhanced.png[39m[0m
[  38% ] [90m[1m_update_scan_actions[22m | 10_original.png[39m[0m
[  38% ] [90m[1m_update_scan_actions[22m | 11_enhanced.png[39m[0m
[  39% ] [90m[1m_update_scan_actions[22m | 11_original.png[39m[0m
[  39% ] [90m[1m_update_scan_actions[22m | 12_enhanced.png[39m[0m
[  39% ] [90m[1m_update_scan_actions[22m | 12_original.png[39m[0m
[  39% ] [90m[1m_update_scan_actions[22m | 13_enhanced.png[39m[0m
[  39% ] [90m[1m_update_scan_actions[22m | 13_original.png[39m[0m
[  39% ] [90m[1m_update_scan_actions[22m | 14_enhanced.png[39m[0m
[  39% ] [90m[1m_update_scan_actions[22m | 14_original.png[39m[0m
[  39% ] [90m[1m_update_scan_actions[22m | 15_enhanced.png[39m[0m
[  39% ] [90m[1m_update_scan_actions[22m | 15_original.png[39m[0m
[  39% ] [90m[1m_update_scan_actions[22m | 16_enhanced.png[39m[0m
[  39% ] [90m[1m_update_scan_actions[22m | 16_original.png[39m[0m
[  39% ] [90m[1m_update_scan_actions[22m | 17_enhanced.png[39m[0m
[  40% ] [90m[1m_update_scan_actions[22m | 17_original.png[39m[0m
[  40% ] [90m[1m_update_scan_actions[22m | 18_enhanced.png[39m[0m
[  40% ] [90m[1m_update_scan_actions[22m | 18_original.png[39m[0m
[  40% ] [90m[1m_update_scan_actions[22m | 19_enhanced.png[39m[0m
[  40% ] [90m[1m_update_scan_actions[22m | 19_original.png[39m[0m
[  40% ] [90m[1m_update_scan_actions[22m | 20_enhanced.png[39m[0m
[  40% ] [90m[1m_update_scan_actions[22m | 20_original.png[39m[0m
[  40% ] [90m[1m_update_scan_actions[22m | 04_enhanced.png[39m[0m
[  40% ] [90m[1m_update_scan_actions[22m | 04_original.png[39m[0m
[  40% ] [90m[1m_update_scan_actions[22m | 05_enhanced.png[39m[0m
[  40% ] [90m[1m_update_scan_actions[22m | 05_original.png[39m[0m
[  40% ] [90m[1m_update_scan_actions[22m | 06_enhanced.png[39m[0m
[  40% ] [90m[1m_update_scan_actions[22m | 06_original.png[39m[0m
[  41% ] [90m[1m_update_scan_actions[22m | 07_enhanced.png[39m[0m
[  41% ] [90m[1m_update_scan_actions[22m | 07_original.png[39m[0m
[  41% ] [90m[1m_update_scan_actions[22m | 08_enhanced.png[39m[0m
[  41% ] [90m[1m_update_scan_actions[22m | 08_original.png[39m[0m
[  41% ] [90m[1m_update_scan_actions[22m | 09_enhanced.png[39m[0m
[  41% ] [90m[1m_update_scan_actions[22m | 09_original.png[39m[0m
[  41% ] [90m[1m_update_scan_actions[22m | 10_enhanced.png[39m[0m
[  41% ] [90m[1m_update_scan_actions[22m | 10_original.png[39m[0m
[  41% ] [90m[1m_update_scan_actions[22m | 11_enhanced.png[39m[0m
[  41% ] [90m[1m_update_scan_actions[22m | 11_original.png[39m[0m
[  41% ] [90m[1m_update_scan_actions[22m | 12_enhanced.png[39m[0m
[  41% ] [90m[1m_update_scan_actions[22m | 12_original.png[39m[0m
[  42% ] [90m[1m_update_scan_actions[22m | 13_enhanced.png[39m[0m
[  42% ] [90m[1m_update_scan_actions[22m | 13_original.png[39m[0m
[  42% ] [90m[1m_update_scan_actions[22m | 14_enhanced.png[39m[0m
[  42% ] [90m[1m_update_scan_actions[22m | 14_original.png[39m[0m
[  42% ] [90m[1m_update_scan_actions[22m | 15_enhanced.png[39m[0m
[  42% ] [90m[1m_update_scan_actions[22m | 15_original.png[39m[0m
[  42% ] [90m[1m_update_scan_actions[22m | 16_enhanced.png[39m[0m
[  42% ] [90m[1m_update_scan_actions[22m | 16_original.png[39m[0m
[  42% ] [90m[1m_update_scan_actions[22m | 17_enhanced.png[39m[0m
[  42% ] [90m[1m_update_scan_actions[22m | 17_original.png[39m[0m
[  42% ] [90m[1m_update_scan_actions[22m | 18_enhanced.png[39m[0m
[  42% ] [90m[1m_update_scan_actions[22m | 18_original.png[39m[0m
[  42% ] [90m[1m_update_scan_actions[22m | 19_enhanced.png[39m[0m
[  43% ] [90m[1m_update_scan_actions[22m | 19_original.png[39m[0m
[  43% ] [90m[1m_update_scan_actions[22m | 20_enhanced.png[39m[0m
[  43% ] [90m[1m_update_scan_actions[22m | 20_original.png[39m[0m
[  43% ] [90m[1m_update_scan_actions[22m | 04_enhanced.png[39m[0m
[  43% ] [90m[1m_update_scan_actions[22m | 04_original.png[39m[0m
[  43% ] [90m[1m_update_scan_actions[22m | 05_enhanced.png[39m[0m
[  43% ] [90m[1m_update_scan_actions[22m | 05_original.png[39m[0m
[  43% ] [90m[1m_update_scan_actions[22m | 06_enhanced.png[39m[0m
[  43% ] [90m[1m_update_scan_actions[22m | 06_original.png[39m[0m
[  43% ] [90m[1m_update_scan_actions[22m | 07_enhanced.png[39m[0m
[  43% ] [90m[1m_update_scan_actions[22m | 07_original.png[39m[0m
[  43% ] [90m[1m_update_scan_actions[22m | 08_enhanced.png[39m[0m
[  43% ] [90m[1m_update_scan_actions[22m | 08_original.png[39m[0m
[  44% ] [90m[1m_update_scan_actions[22m | 09_enhanced.png[39m[0m
[  44% ] [90m[1m_update_scan_actions[22m | 09_original.png[39m[0m
[  44% ] [90m[1m_update_scan_actions[22m | 10_enhanced.png[39m[0m
[  44% ] [90m[1m_update_scan_actions[22m | 10_original.png[39m[0m
[  44% ] [90m[1m_update_scan_actions[22m | 11_enhanced.png[39m[0m
[  44% ] [90m[1m_update_scan_actions[22m | 11_original.png[39m[0m
[  44% ] [90m[1m_update_scan_actions[22m | 12_enhanced.png[39m[0m
[  44% ] [90m[1m_update_scan_actions[22m | 12_original.png[39m[0m
[  44% ] [90m[1m_update_scan_actions[22m | 13_enhanced.png[39m[0m
[  44% ] [90m[1m_update_scan_actions[22m | 13_original.png[39m[0m
[  44% ] [90m[1m_update_scan_actions[22m | 14_enhanced.png[39m[0m
[  44% ] [90m[1m_update_scan_actions[22m | 14_original.png[39m[0m
[  45% ] [90m[1m_update_scan_actions[22m | 15_enhanced.png[39m[0m
[  45% ] [90m[1m_update_scan_actions[22m | 15_original.png[39m[0m
[  45% ] [90m[1m_update_scan_actions[22m | 16_enhanced.png[39m[0m
[  45% ] [90m[1m_update_scan_actions[22m | 16_original.png[39m[0m
[  45% ] [90m[1m_update_scan_actions[22m | 17_enhanced.png[39m[0m
[  45% ] [90m[1m_update_scan_actions[22m | 17_original.png[39m[0m
[  45% ] [90m[1m_update_scan_actions[22m | 18_enhanced.png[39m[0m
[  45% ] [90m[1m_update_scan_actions[22m | 18_original.png[39m[0m
[  45% ] [90m[1m_update_scan_actions[22m | 19_enhanced.png[39m[0m
[  45% ] [90m[1m_update_scan_actions[22m | 19_original.png[39m[0m
[  45% ] [90m[1m_update_scan_actions[22m | 20_enhanced.png[39m[0m
[  45% ] [90m[1m_update_scan_actions[22m | 20_original.png[39m[0m
[  45% ] [90m[1m_update_scan_actions[22m | 04_enhanced.png[39m[0m
[  46% ] [90m[1m_update_scan_actions[22m | 04_original.png[39m[0m
[  46% ] [90m[1m_update_scan_actions[22m | 05_enhanced.png[39m[0m
[  46% ] [90m[1m_update_scan_actions[22m | 05_original.png[39m[0m
[  46% ] [90m[1m_update_scan_actions[22m | 06_enhanced.png[39m[0m
[  46% ] [90m[1m_update_scan_actions[22m | 06_original.png[39m[0m
[  46% ] [90m[1m_update_scan_actions[22m | 07_enhanced.png[39m[0m
[  46% ] [90m[1m_update_scan_actions[22m | 07_original.png[39m[0m
[  46% ] [90m[1m_update_scan_actions[22m | 08_enhanced.png[39m[0m
[  46% ] [90m[1m_update_scan_actions[22m | 08_original.png[39m[0m
[  46% ] [90m[1m_update_scan_actions[22m | 09_enhanced.png[39m[0m
[  46% ] [90m[1m_update_scan_actions[22m | 09_original.png[39m[0m
[  46% ] [90m[1m_update_scan_actions[22m | 10_enhanced.png[39m[0m
[  47% ] [90m[1m_update_scan_actions[22m | 10_original.png[39m[0m
[  47% ] [90m[1m_update_scan_actions[22m | 11_enhanced.png[39m[0m
[  47% ] [90m[1m_update_scan_actions[22m | 11_original.png[39m[0m
[  47% ] [90m[1m_update_scan_actions[22m | 12_enhanced.png[39m[0m
[  47% ] [90m[1m_update_scan_actions[22m | 12_original.png[39m[0m
[  47% ] [90m[1m_update_scan_actions[22m | 13_enhanced.png[39m[0m
[  47% ] [90m[1m_update_scan_actions[22m | 13_original.png[39m[0m
[  47% ] [90m[1m_update_scan_actions[22m | 14_enhanced.png[39m[0m
[  47% ] [90m[1m_update_scan_actions[22m | 14_original.png[39m[0m
[  47% ] [90m[1m_update_scan_actions[22m | 15_enhanced.png[39m[0m
[  47% ] [90m[1m_update_scan_actions[22m | 15_original.png[39m[0m
[  47% ] [90m[1m_update_scan_actions[22m | 16_enhanced.png[39m[0m
[  47% ] [90m[1m_update_scan_actions[22m | 16_original.png[39m[0m
[  48% ] [90m[1m_update_scan_actions[22m | 17_enhanced.png[39m[0m
[  48% ] [90m[1m_update_scan_actions[22m | 17_original.png[39m[0m
[  48% ] [90m[1m_update_scan_actions[22m | 18_enhanced.png[39m[0m
[  48% ] [90m[1m_update_scan_actions[22m | 18_original.png[39m[0m
[  48% ] [90m[1m_update_scan_actions[22m | 19_enhanced.png[39m[0m
[  48% ] [90m[1m_update_scan_actions[22m | 19_original.png[39m[0m
[  48% ] [90m[1m_update_scan_actions[22m | 20_enhanced.png[39m[0m
[  48% ] [90m[1m_update_scan_actions[22m | 20_original.png[39m[0m
[  48% ] [90m[1m_update_scan_actions[22m | 04_enhanced.png[39m[0m
[  48% ] [90m[1m_update_scan_actions[22m | 04_original.png[39m[0m
[  48% ] [90m[1m_update_scan_actions[22m | 05_enhanced.png[39m[0m
[  48% ] [90m[1m_update_scan_actions[22m | 05_original.png[39m[0m
[  49% ] [90m[1m_update_scan_actions[22m | 06_enhanced.png[39m[0m
[  49% ] [90m[1m_update_scan_actions[22m | 06_original.png[39m[0m
[  49% ] [90m[1m_update_scan_actions[22m | 07_enhanced.png[39m[0m
[  49% ] [90m[1m_update_scan_actions[22m | 07_original.png[39m[0m
[  49% ] [90m[1m_update_scan_actions[22m | 08_enhanced.png[39m[0m
[  49% ] [90m[1m_update_scan_actions[22m | 08_original.png[39m[0m
[  49% ] [90m[1m_update_scan_actions[22m | 09_enhanced.png[39m[0m
[  49% ] [90m[1m_update_scan_actions[22m | 09_original.png[39m[0m
[  49% ] [90m[1m_update_scan_actions[22m | 10_enhanced.png[39m[0m
[  49% ] [90m[1m_update_scan_actions[22m | 10_original.png[39m[0m
[  49% ] [90m[1m_update_scan_actions[22m | 11_enhanced.png[39m[0m
[  49% ] [90m[1m_update_scan_actions[22m | 11_original.png[39m[0m
[  49% ] [90m[1m_update_scan_actions[22m | 12_enhanced.png[39m[0m
[  50% ] [90m[1m_update_scan_actions[22m | 12_original.png[39m[0m
[  50% ] [90m[1m_update_scan_actions[22m | 13_enhanced.png[39m[0m
[  50% ] [90m[1m_update_scan_actions[22m | 13_original.png[39m[0m
[  50% ] [90m[1m_update_scan_actions[22m | 14_enhanced.png[39m[0m
[  50% ] [90m[1m_update_scan_actions[22m | 14_original.png[39m[0m
[  50% ] [90m[1m_update_scan_actions[22m | 15_enhanced.png[39m[0m
[  50% ] [90m[1m_update_scan_actions[22m | 15_original.png[39m[0m
[  50% ] [90m[1m_update_scan_actions[22m | 16_enhanced.png[39m[0m
[  50% ] [90m[1m_update_scan_actions[22m | 16_original.png[39m[0m
[  50% ] [90m[1m_update_scan_actions[22m | 17_enhanced.png[39m[0m
[  50% ] [90m[1m_update_scan_actions[22m | 17_original.png[39m[0m
[  50% ] [90m[1m_update_scan_actions[22m | 18_enhanced.png[39m[0m
[  50% ] [90m[1m_update_scan_actions[22m | 18_original.png[39m[0m
[  51% ] [90m[1m_update_scan_actions[22m | 19_enhanced.png[39m[0m
[  51% ] [90m[1m_update_scan_actions[22m | 19_original.png[39m[0m
[  51% ] [90m[1m_update_scan_actions[22m | 20_enhanced.png[39m[0m
[  51% ] [90m[1m_update_scan_actions[22m | 20_original.png[39m[0m
[  51% ] [90m[1m_update_scan_actions[22m | 04_enhanced.png[39m[0m
[  51% ] [90m[1m_update_scan_actions[22m | 04_original.png[39m[0m
[  51% ] [90m[1m_update_scan_actions[22m | 05_enhanced.png[39m[0m
[  51% ] [90m[1m_update_scan_actions[22m | 05_original.png[39m[0m
[  51% ] [90m[1m_update_scan_actions[22m | 06_enhanced.png[39m[0m
[  51% ] [90m[1m_update_scan_actions[22m | 06_original.png[39m[0m
[  51% ] [90m[1m_update_scan_actions[22m | 07_enhanced.png[39m[0m
[  51% ] [90m[1m_update_scan_actions[22m | 07_original.png[39m[0m
[  52% ] [90m[1m_update_scan_actions[22m | 08_enhanced.png[39m[0m
[  52% ] [90m[1m_update_scan_actions[22m | 08_original.png[39m[0m
[  52% ] [90m[1m_update_scan_actions[22m | 09_enhanced.png[39m[0m
[  52% ] [90m[1m_update_scan_actions[22m | 09_original.png[39m[0m
[  52% ] [90m[1m_update_scan_actions[22m | 10_enhanced.png[39m[0m
[  52% ] [90m[1m_update_scan_actions[22m | 10_original.png[39m[0m
[  52% ] [90m[1m_update_scan_actions[22m | 11_enhanced.png[39m[0m
[  52% ] [90m[1m_update_scan_actions[22m | 11_original.png[39m[0m
[  52% ] [90m[1m_update_scan_actions[22m | 12_enhanced.png[39m[0m
[  52% ] [90m[1m_update_scan_actions[22m | 12_original.png[39m[0m
[  52% ] [90m[1m_update_scan_actions[22m | 13_enhanced.png[39m[0m
[  52% ] [90m[1m_update_scan_actions[22m | 13_original.png[39m[0m
[  52% ] [90m[1m_update_scan_actions[22m | 14_enhanced.png[39m[0m
[  53% ] [90m[1m_update_scan_actions[22m | 14_original.png[39m[0m
[  53% ] [90m[1m_update_scan_actions[22m | 15_enhanced.png[39m[0m
[  53% ] [90m[1m_update_scan_actions[22m | 15_original.png[39m[0m
[  53% ] [90m[1m_update_scan_actions[22m | 16_enhanced.png[39m[0m
[  53% ] [90m[1m_update_scan_actions[22m | 16_original.png[39m[0m
[  53% ] [90m[1m_update_scan_actions[22m | 17_enhanced.png[39m[0m
[  53% ] [90m[1m_update_scan_actions[22m | 17_original.png[39m[0m
[  53% ] [90m[1m_update_scan_actions[22m | 18_enhanced.png[39m[0m
[  53% ] [90m[1m_update_scan_actions[22m | 18_original.png[39m[0m
[  53% ] [90m[1m_update_scan_actions[22m | 19_enhanced.png[39m[0m
[  53% ] [90m[1m_update_scan_actions[22m | 19_original.png[39m[0m
[  53% ] [90m[1m_update_scan_actions[22m | 20_enhanced.png[39m[0m
[  54% ] [90m[1m_update_scan_actions[22m | 20_original.png[39m[0m
[  54% ] [90m[1m_update_scan_actions[22m | 04_enhanced.png[39m[0m
[  54% ] [90m[1m_update_scan_actions[22m | 04_original.png[39m[0m
[  54% ] [90m[1m_update_scan_actions[22m | 05_enhanced.png[39m[0m
[  54% ] [90m[1m_update_scan_actions[22m | 05_original.png[39m[0m
[  54% ] [90m[1m_update_scan_actions[22m | 06_enhanced.png[39m[0m
[  54% ] [90m[1m_update_scan_actions[22m | 06_original.png[39m[0m
[  54% ] [90m[1m_update_scan_actions[22m | 07_enhanced.png[39m[0m
[  54% ] [90m[1m_update_scan_actions[22m | 07_original.png[39m[0m
[  54% ] [90m[1m_update_scan_actions[22m | 08_enhanced.png[39m[0m
[  54% ] [90m[1m_update_scan_actions[22m | 08_original.png[39m[0m
[  54% ] [90m[1m_update_scan_actions[22m | 09_enhanced.png[39m[0m
[  54% ] [90m[1m_update_scan_actions[22m | 09_original.png[39m[0m
[  55% ] [90m[1m_update_scan_actions[22m | 10_enhanced.png[39m[0m
[  55% ] [90m[1m_update_scan_actions[22m | 10_original.png[39m[0m
[  55% ] [90m[1m_update_scan_actions[22m | 11_enhanced.png[39m[0m
[  55% ] [90m[1m_update_scan_actions[22m | 11_original.png[39m[0m
[  55% ] [90m[1m_update_scan_actions[22m | 12_enhanced.png[39m[0m
[  55% ] [90m[1m_update_scan_actions[22m | 12_original.png[39m[0m
[  55% ] [90m[1m_update_scan_actions[22m | 13_enhanced.png[39m[0m
[  55% ] [90m[1m_update_scan_actions[22m | 13_original.png[39m[0m
[  55% ] [90m[1m_update_scan_actions[22m | 14_enhanced.png[39m[0m
[  55% ] [90m[1m_update_scan_actions[22m | 14_original.png[39m[0m
[  55% ] [90m[1m_update_scan_actions[22m | 15_enhanced.png[39m[0m
[  55% ] [90m[1m_update_scan_actions[22m | 15_original.png[39m[0m
[  56% ] [90m[1m_update_scan_actions[22m | 16_enhanced.png[39m[0m
[  56% ] [90m[1m_update_scan_actions[22m | 16_original.png[39m[0m
[  56% ] [90m[1m_update_scan_actions[22m | 17_enhanced.png[39m[0m
[  56% ] [90m[1m_update_scan_actions[22m | 17_original.png[39m[0m
[  56% ] [90m[1m_update_scan_actions[22m | 18_enhanced.png[39m[0m
[  56% ] [90m[1m_update_scan_actions[22m | 18_original.png[39m[0m
[  56% ] [90m[1m_update_scan_actions[22m | 19_enhanced.png[39m[0m
[  56% ] [90m[1m_update_scan_actions[22m | 19_original.png[39m[0m
[  56% ] [90m[1m_update_scan_actions[22m | 20_enhanced.png[39m[0m
[  56% ] [90m[1m_update_scan_actions[22m | 20_original.png[39m[0m
[  56% ] [90m[1m_update_scan_actions[22m | 04_enhanced.png[39m[0m
[  56% ] [90m[1m_update_scan_actions[22m | 04_original.png[39m[0m
[  56% ] [90m[1m_update_scan_actions[22m | 05_enhanced.png[39m[0m
[  57% ] [90m[1m_update_scan_actions[22m | 05_original.png[39m[0m
[  57% ] [90m[1m_update_scan_actions[22m | 06_enhanced.png[39m[0m
[  57% ] [90m[1m_update_scan_actions[22m | 06_original.png[39m[0m
[  57% ] [90m[1m_update_scan_actions[22m | 07_enhanced.png[39m[0m
[  57% ] [90m[1m_update_scan_actions[22m | 07_original.png[39m[0m
[  57% ] [90m[1m_update_scan_actions[22m | 08_enhanced.png[39m[0m
[  57% ] [90m[1m_update_scan_actions[22m | 08_original.png[39m[0m
[  57% ] [90m[1m_update_scan_actions[22m | 09_enhanced.png[39m[0m
[  57% ] [90m[1m_update_scan_actions[22m | 09_original.png[39m[0m
[  57% ] [90m[1m_update_scan_actions[22m | 10_enhanced.png[39m[0m
[  57% ] [90m[1m_update_scan_actions[22m | 10_original.png[39m[0m
[  57% ] [90m[1m_update_scan_actions[22m | 11_enhanced.png[39m[0m
[  57% ] [90m[1m_update_scan_actions[22m | 11_original.png[39m[0m
[  58% ] [90m[1m_update_scan_actions[22m | 12_enhanced.png[39m[0m
[  58% ] [90m[1m_update_scan_actions[22m | 12_original.png[39m[0m
[  58% ] [90m[1m_update_scan_actions[22m | 13_enhanced.png[39m[0m
[  58% ] [90m[1m_update_scan_actions[22m | 13_original.png[39m[0m
[  58% ] [90m[1m_update_scan_actions[22m | 14_enhanced.png[39m[0m
[  58% ] [90m[1m_update_scan_actions[22m | 14_original.png[39m[0m
[  58% ] [90m[1m_update_scan_actions[22m | 15_enhanced.png[39m[0m
[  58% ] [90m[1m_update_scan_actions[22m | 15_original.png[39m[0m
[  58% ] [90m[1m_update_scan_actions[22m | 16_enhanced.png[39m[0m
[  58% ] [90m[1m_update_scan_actions[22m | 16_original.png[39m[0m
[  58% ] [90m[1m_update_scan_actions[22m | 17_enhanced.png[39m[0m
[  58% ] [90m[1m_update_scan_actions[22m | 17_original.png[39m[0m
[  59% ] [90m[1m_update_scan_actions[22m | 18_enhanced.png[39m[0m
[  59% ] [90m[1m_update_scan_actions[22m | 18_original.png[39m[0m
[  59% ] [90m[1m_update_scan_actions[22m | 19_enhanced.png[39m[0m
[  59% ] [90m[1m_update_scan_actions[22m | 19_original.png[39m[0m
[  59% ] [90m[1m_update_scan_actions[22m | 20_enhanced.png[39m[0m
[  59% ] [90m[1m_update_scan_actions[22m | 20_original.png[39m[0m
[  59% ] [90m[1m_update_scan_actions[22m | 04_enhanced.png[39m[0m
[  59% ] [90m[1m_update_scan_actions[22m | 04_original.png[39m[0m
[  59% ] [90m[1m_update_scan_actions[22m | 05_enhanced.png[39m[0m
[  59% ] [90m[1m_update_scan_actions[22m | 05_original.png[39m[0m
[  59% ] [90m[1m_update_scan_actions[22m | 06_enhanced.png[39m[0m
[  59% ] [90m[1m_update_scan_actions[22m | 06_original.png[39m[0m
[  59% ] [90m[1m_update_scan_actions[22m | 07_enhanced.png[39m[0m
[  60% ] [90m[1m_update_scan_actions[22m | 07_original.png[39m[0m
[  60% ] [90m[1m_update_scan_actions[22m | 08_enhanced.png[39m[0m
[  60% ] [90m[1m_update_scan_actions[22m | 08_original.png[39m[0m
[  60% ] [90m[1m_update_scan_actions[22m | 09_enhanced.png[39m[0m
[  60% ] [90m[1m_update_scan_actions[22m | 09_original.png[39m[0m
[  60% ] [90m[1m_update_scan_actions[22m | 10_enhanced.png[39m[0m
[  60% ] [90m[1m_update_scan_actions[22m | 10_original.png[39m[0m
[  60% ] [90m[1m_update_scan_actions[22m | 11_enhanced.png[39m[0m
[  60% ] [90m[1m_update_scan_actions[22m | 11_original.png[39m[0m
[  60% ] [90m[1m_update_scan_actions[22m | 12_enhanced.png[39m[0m
[  60% ] [90m[1m_update_scan_actions[22m | 12_original.png[39m[0m
[  60% ] [90m[1m_update_scan_actions[22m | 13_enhanced.png[39m[0m
[  61% ] [90m[1m_update_scan_actions[22m | 13_original.png[39m[0m
[  61% ] [90m[1m_update_scan_actions[22m | 14_enhanced.png[39m[0m
[  61% ] [90m[1m_update_scan_actions[22m | 14_original.png[39m[0m
[  61% ] [90m[1m_update_scan_actions[22m | 15_enhanced.png[39m[0m
[  61% ] [90m[1m_update_scan_actions[22m | 15_original.png[39m[0m
[  61% ] [90m[1m_update_scan_actions[22m | 16_enhanced.png[39m[0m
[  61% ] [90m[1m_update_scan_actions[22m | 16_original.png[39m[0m
[  61% ] [90m[1m_update_scan_actions[22m | 17_enhanced.png[39m[0m
[  61% ] [90m[1m_update_scan_actions[22m | 17_original.png[39m[0m
[  61% ] [90m[1m_update_scan_actions[22m | 18_enhanced.png[39m[0m
[  61% ] [90m[1m_update_scan_actions[22m | 18_original.png[39m[0m
[  61% ] [90m[1m_update_scan_actions[22m | 19_enhanced.png[39m[0m
[  61% ] [90m[1m_update_scan_actions[22m | 19_original.png[39m[0m
[  62% ] [90m[1m_update_scan_actions[22m | 20_enhanced.png[39m[0m
[  62% ] [90m[1m_update_scan_actions[22m | 20_original.png[39m[0m
[  62% ] [90m[1m_update_scan_actions[22m | 04_enhanced.png[39m[0m
[  62% ] [90m[1m_update_scan_actions[22m | 04_original.png[39m[0m
[  62% ] [90m[1m_update_scan_actions[22m | 05_enhanced.png[39m[0m
[  62% ] [90m[1m_update_scan_actions[22m | 05_original.png[39m[0m
[  62% ] [90m[1m_update_scan_actions[22m | 06_enhanced.png[39m[0m
[  62% ] [90m[1m_update_scan_actions[22m | 06_original.png[39m[0m
[  62% ] [90m[1m_update_scan_actions[22m | 07_enhanced.png[39m[0m
[  62% ] [90m[1m_update_scan_actions[22m | 07_original.png[39m[0m
[  62% ] [90m[1m_update_scan_actions[22m | 08_enhanced.png[39m[0m
[  62% ] [90m[1m_update_scan_actions[22m | 08_original.png[39m[0m
[  63% ] [90m[1m_update_scan_actions[22m | 09_enhanced.png[39m[0m
[  63% ] [90m[1m_update_scan_actions[22m | 09_original.png[39m[0m
[  63% ] [90m[1m_update_scan_actions[22m | 10_enhanced.png[39m[0m
[  63% ] [90m[1m_update_scan_actions[22m | 10_original.png[39m[0m
[  63% ] [90m[1m_update_scan_actions[22m | 11_enhanced.png[39m[0m
[  63% ] [90m[1m_update_scan_actions[22m | 11_original.png[39m[0m
[  63% ] [90m[1m_update_scan_actions[22m | 12_enhanced.png[39m[0m
[  63% ] [90m[1m_update_scan_actions[22m | 12_original.png[39m[0m
[  63% ] [90m[1m_update_scan_actions[22m | 13_enhanced.png[39m[0m
[  63% ] [90m[1m_update_scan_actions[22m | 13_original.png[39m[0m
[  63% ] [90m[1m_update_scan_actions[22m | 14_enhanced.png[39m[0m
[  63% ] [90m[1m_update_scan_actions[22m | 14_original.png[39m[0m
[  63% ] [90m[1m_update_scan_actions[22m | 15_enhanced.png[39m[0m
[  64% ] [90m[1m_update_scan_actions[22m | 15_original.png[39m[0m
[  64% ] [90m[1m_update_scan_actions[22m | 16_enhanced.png[39m[0m
[  64% ] [90m[1m_update_scan_actions[22m | 16_original.png[39m[0m
[  64% ] [90m[1m_update_scan_actions[22m | 17_enhanced.png[39m[0m
[  64% ] [90m[1m_update_scan_actions[22m | 17_original.png[39m[0m
[  64% ] [90m[1m_update_scan_actions[22m | 18_enhanced.png[39m[0m
[  64% ] [90m[1m_update_scan_actions[22m | 18_original.png[39m[0m
[  64% ] [90m[1m_update_scan_actions[22m | 19_enhanced.png[39m[0m
[  64% ] [90m[1m_update_scan_actions[22m | 19_original.png[39m[0m
[  64% ] [90m[1m_update_scan_actions[22m | 20_enhanced.png[39m[0m
[  64% ] [90m[1m_update_scan_actions[22m | 20_original.png[39m[0m
[  64% ] [90m[1m_update_scan_actions[22m | 04_enhanced.png[39m[0m
[  64% ] [90m[1m_update_scan_actions[22m | 04_original.png[39m[0m
[  65% ] [90m[1m_update_scan_actions[22m | 05_enhanced.png[39m[0m
[  65% ] [90m[1m_update_scan_actions[22m | 05_original.png[39m[0m
[  65% ] [90m[1m_update_scan_actions[22m | 06_enhanced.png[39m[0m
[  65% ] [90m[1m_update_scan_actions[22m | 06_original.png[39m[0m
[  65% ] [90m[1m_update_scan_actions[22m | 07_enhanced.png[39m[0m
[  65% ] [90m[1m_update_scan_actions[22m | 07_original.png[39m[0m
[  65% ] [90m[1m_update_scan_actions[22m | 08_enhanced.png[39m[0m
[  65% ] [90m[1m_update_scan_actions[22m | 08_original.png[39m[0m
[  65% ] [90m[1m_update_scan_actions[22m | 09_enhanced.png[39m[0m
[  65% ] [90m[1m_update_scan_actions[22m | 09_original.png[39m[0m
[  65% ] [90m[1m_update_scan_actions[22m | 10_enhanced.png[39m[0m
[  65% ] [90m[1m_update_scan_actions[22m | 10_original.png[39m[0m
[  66% ] [90m[1m_update_scan_actions[22m | 11_enhanced.png[39m[0m
[  66% ] [90m[1m_update_scan_actions[22m | 11_original.png[39m[0m
[  66% ] [90m[1m_update_scan_actions[22m | 12_enhanced.png[39m[0m
[  66% ] [90m[1m_update_scan_actions[22m | 12_original.png[39m[0m
[  66% ] [90m[1m_update_scan_actions[22m | 13_enhanced.png[39m[0m
[  66% ] [90m[1m_update_scan_actions[22m | 13_original.png[39m[0m
[  66% ] [90m[1m_update_scan_actions[22m | 14_enhanced.png[39m[0m
[  66% ] [90m[1m_update_scan_actions[22m | 14_original.png[39m[0m
[  66% ] [90m[1m_update_scan_actions[22m | 15_enhanced.png[39m[0m
[  66% ] [90m[1m_update_scan_actions[22m | 15_original.png[39m[0m
[  66% ] [90m[1m_update_scan_actions[22m | 16_enhanced.png[39m[0m
[  66% ] [90m[1m_update_scan_actions[22m | 16_original.png[39m[0m
[  66% ] [90m[1m_update_scan_actions[22m | 17_enhanced.png[39m[0m
[  67% ] [90m[1m_update_scan_actions[22m | 17_original.png[39m[0m
[  67% ] [90m[1m_update_scan_actions[22m | 18_enhanced.png[39m[0m
[  67% ] [90m[1m_update_scan_actions[22m | 18_original.png[39m[0m
[  67% ] [90m[1m_update_scan_actions[22m | 19_enhanced.png[39m[0m
[  67% ] [90m[1m_update_scan_actions[22m | 19_original.png[39m[0m
[  67% ] [90m[1m_update_scan_actions[22m | 20_enhanced.png[39m[0m
[  67% ] [90m[1m_update_scan_actions[22m | 20_original.png[39m[0m
[  67% ] [90m[1m_update_scan_actions[22m | 04_enhanced.png[39m[0m
[  67% ] [90m[1m_update_scan_actions[22m | 04_original.png[39m[0m
[  67% ] [90m[1m_update_scan_actions[22m | 05_enhanced.png[39m[0m
[  67% ] [90m[1m_update_scan_actions[22m | 05_original.png[39m[0m
[  67% ] [90m[1m_update_scan_actions[22m | 06_enhanced.png[39m[0m
[  68% ] [90m[1m_update_scan_actions[22m | 06_original.png[39m[0m
[  68% ] [90m[1m_update_scan_actions[22m | 07_enhanced.png[39m[0m
[  68% ] [90m[1m_update_scan_actions[22m | 07_original.png[39m[0m
[  68% ] [90m[1m_update_scan_actions[22m | 08_enhanced.png[39m[0m
[  68% ] [90m[1m_update_scan_actions[22m | 08_original.png[39m[0m
[  68% ] [90m[1m_update_scan_actions[22m | 09_enhanced.png[39m[0m
[  68% ] [90m[1m_update_scan_actions[22m | 09_original.png[39m[0m
[  68% ] [90m[1m_update_scan_actions[22m | 10_enhanced.png[39m[0m
[  68% ] [90m[1m_update_scan_actions[22m | 10_original.png[39m[0m
[  68% ] [90m[1m_update_scan_actions[22m | 11_enhanced.png[39m[0m
[  68% ] [90m[1m_update_scan_actions[22m | 11_original.png[39m[0m
[  68% ] [90m[1m_update_scan_actions[22m | 12_enhanced.png[39m[0m
[  68% ] [90m[1m_update_scan_actions[22m | 12_original.png[39m[0m
[  69% ] [90m[1m_update_scan_actions[22m | 13_enhanced.png[39m[0m
[  69% ] [90m[1m_update_scan_actions[22m | 13_original.png[39m[0m
[  69% ] [90m[1m_update_scan_actions[22m | 14_enhanced.png[39m[0m
[  69% ] [90m[1m_update_scan_actions[22m | 14_original.png[39m[0m
[  69% ] [90m[1m_update_scan_actions[22m | 15_enhanced.png[39m[0m
[  69% ] [90m[1m_update_scan_actions[22m | 15_original.png[39m[0m
[  69% ] [90m[1m_update_scan_actions[22m | 16_enhanced.png[39m[0m
[  69% ] [90m[1m_update_scan_actions[22m | 16_original.png[39m[0m
[  69% ] [90m[1m_update_scan_actions[22m | 17_enhanced.png[39m[0m
[  69% ] [90m[1m_update_scan_actions[22m | 17_original.png[39m[0m
[  69% ] [90m[1m_update_scan_actions[22m | 18_enhanced.png[39m[0m
[  69% ] [90m[1m_update_scan_actions[22m | 18_original.png[39m[0m
[  70% ] [90m[1m_update_scan_actions[22m | 19_enhanced.png[39m[0m
[  70% ] [90m[1m_update_scan_actions[22m | 19_original.png[39m[0m
[  70% ] [90m[1m_update_scan_actions[22m | 20_enhanced.png[39m[0m
[  70% ] [90m[1m_update_scan_actions[22m | 20_original.png[39m[0m
[  70% ] [90m[1m_update_scan_actions[22m | 04_enhanced.png[39m[0m
[  70% ] [90m[1m_update_scan_actions[22m | 04_original.png[39m[0m
[  70% ] [90m[1m_update_scan_actions[22m | 05_enhanced.png[39m[0m
[  70% ] [90m[1m_update_scan_actions[22m | 05_original.png[39m[0m
[  70% ] [90m[1m_update_scan_actions[22m | 06_enhanced.png[39m[0m
[  70% ] [90m[1m_update_scan_actions[22m | 06_original.png[39m[0m
[  70% ] [90m[1m_update_scan_actions[22m | 07_enhanced.png[39m[0m
[  70% ] [90m[1m_update_scan_actions[22m | 07_original.png[39m[0m
[  70% ] [90m[1m_update_scan_actions[22m | 08_enhanced.png[39m[0m
[  71% ] [90m[1m_update_scan_actions[22m | 08_original.png[39m[0m
[  71% ] [90m[1m_update_scan_actions[22m | 09_enhanced.png[39m[0m
[  71% ] [90m[1m_update_scan_actions[22m | 09_original.png[39m[0m
[  71% ] [90m[1m_update_scan_actions[22m | 10_enhanced.png[39m[0m
[  71% ] [90m[1m_update_scan_actions[22m | 10_original.png[39m[0m
[  71% ] [90m[1m_update_scan_actions[22m | 11_enhanced.png[39m[0m
[  71% ] [90m[1m_update_scan_actions[22m | 11_original.png[39m[0m
[  71% ] [90m[1m_update_scan_actions[22m | 12_enhanced.png[39m[0m
[  71% ] [90m[1m_update_scan_actions[22m | 12_original.png[39m[0m
[  71% ] [90m[1m_update_scan_actions[22m | 13_enhanced.png[39m[0m
[  71% ] [90m[1m_update_scan_actions[22m | 13_original.png[39m[0m
[  71% ] [90m[1m_update_scan_actions[22m | 14_enhanced.png[39m[0m
[  71% ] [90m[1m_update_scan_actions[22m | 14_original.png[39m[0m
[  72% ] [90m[1m_update_scan_actions[22m | 15_enhanced.png[39m[0m
[  72% ] [90m[1m_update_scan_actions[22m | 15_original.png[39m[0m
[  72% ] [90m[1m_update_scan_actions[22m | 16_enhanced.png[39m[0m
[  72% ] [90m[1m_update_scan_actions[22m | 16_original.png[39m[0m
[  72% ] [90m[1m_update_scan_actions[22m | 17_enhanced.png[39m[0m
[  72% ] [90m[1m_update_scan_actions[22m | 17_original.png[39m[0m
[  72% ] [90m[1m_update_scan_actions[22m | 18_enhanced.png[39m[0m
[  72% ] [90m[1m_update_scan_actions[22m | 18_original.png[39m[0m
[  72% ] [90m[1m_update_scan_actions[22m | 19_enhanced.png[39m[0m
[  72% ] [90m[1m_update_scan_actions[22m | 19_original.png[39m[0m
[  72% ] [90m[1m_update_scan_actions[22m | 20_enhanced.png[39m[0m
[  72% ] [90m[1m_update_scan_actions[22m | 20_original.png[39m[0m
[  73% ] [90m[1m_update_scan_actions[22m | 04_enhanced.png[39m[0m
[  73% ] [90m[1m_update_scan_actions[22m | 04_original.png[39m[0m
[  73% ] [90m[1m_update_scan_actions[22m | 05_enhanced.png[39m[0m
[  73% ] [90m[1m_update_scan_actions[22m | 05_original.png[39m[0m
[  73% ] [90m[1m_update_scan_actions[22m | 06_enhanced.png[39m[0m
[  73% ] [90m[1m_update_scan_actions[22m | 06_original.png[39m[0m
[  73% ] [90m[1m_update_scan_actions[22m | 07_enhanced.png[39m[0m
[  73% ] [90m[1m_update_scan_actions[22m | 07_original.png[39m[0m
[  73% ] [90m[1m_update_scan_actions[22m | 08_enhanced.png[39m[0m
[  73% ] [90m[1m_update_scan_actions[22m | 08_original.png[39m[0m
[  73% ] [90m[1m_update_scan_actions[22m | 09_enhanced.png[39m[0m
[  73% ] [90m[1m_update_scan_actions[22m | 09_original.png[39m[0m
[  73% ] [90m[1m_update_scan_actions[22m | 10_enhanced.png[39m[0m
[  74% ] [90m[1m_update_scan_actions[22m | 10_original.png[39m[0m
[  74% ] [90m[1m_update_scan_actions[22m | 11_enhanced.png[39m[0m
[  74% ] [90m[1m_update_scan_actions[22m | 11_original.png[39m[0m
[  74% ] [90m[1m_update_scan_actions[22m | 12_enhanced.png[39m[0m
[  74% ] [90m[1m_update_scan_actions[22m | 12_original.png[39m[0m
[  74% ] [90m[1m_update_scan_actions[22m | 13_enhanced.png[39m[0m
[  74% ] [90m[1m_update_scan_actions[22m | 13_original.png[39m[0m
[  74% ] [90m[1m_update_scan_actions[22m | 14_enhanced.png[39m[0m
[  74% ] [90m[1m_update_scan_actions[22m | 14_original.png[39m[0m
[  74% ] [90m[1m_update_scan_actions[22m | 15_enhanced.png[39m[0m
[  74% ] [90m[1m_update_scan_actions[22m | 15_original.png[39m[0m
[  74% ] [90m[1m_update_scan_actions[22m | 16_enhanced.png[39m[0m
[  75% ] [90m[1m_update_scan_actions[22m | 16_original.png[39m[0m
[  75% ] [90m[1m_update_scan_actions[22m | 17_enhanced.png[39m[0m
[  75% ] [90m[1m_update_scan_actions[22m | 17_original.png[39m[0m
[  75% ] [90m[1m_update_scan_actions[22m | 18_enhanced.png[39m[0m
[  75% ] [90m[1m_update_scan_actions[22m | 18_original.png[39m[0m
[  75% ] [90m[1m_update_scan_actions[22m | 19_enhanced.png[39m[0m
[  75% ] [90m[1m_update_scan_actions[22m | 19_original.png[39m[0m
[  75% ] [90m[1m_update_scan_actions[22m | 20_enhanced.png[39m[0m
[  75% ] [90m[1m_update_scan_actions[22m | 20_original.png[39m[0m
[  75% ] [90m[1m_update_scan_actions[22m | 04_enhanced.png[39m[0m
[  75% ] [90m[1m_update_scan_actions[22m | 04_original.png[39m[0m
[  75% ] [90m[1m_update_scan_actions[22m | 05_enhanced.png[39m[0m
[  75% ] [90m[1m_update_scan_actions[22m | 05_original.png[39m[0m
[  76% ] [90m[1m_update_scan_actions[22m | 06_enhanced.png[39m[0m
[  76% ] [90m[1m_update_scan_actions[22m | 06_original.png[39m[0m
[  76% ] [90m[1m_update_scan_actions[22m | 07_enhanced.png[39m[0m
[  76% ] [90m[1m_update_scan_actions[22m | 07_original.png[39m[0m
[  76% ] [90m[1m_update_scan_actions[22m | 08_enhanced.png[39m[0m
[  76% ] [90m[1m_update_scan_actions[22m | 08_original.png[39m[0m
[  76% ] [90m[1m_update_scan_actions[22m | 09_enhanced.png[39m[0m
[  76% ] [90m[1m_update_scan_actions[22m | 09_original.png[39m[0m
[  76% ] [90m[1m_update_scan_actions[22m | 10_enhanced.png[39m[0m
[  76% ] [90m[1m_update_scan_actions[22m | 10_original.png[39m[0m
[  76% ] [90m[1m_update_scan_actions[22m | 11_enhanced.png[39m[0m
[  76% ] [90m[1m_update_scan_actions[22m | 11_original.png[39m[0m
[  77% ] [90m[1m_update_scan_actions[22m | 12_enhanced.png[39m[0m
[  77% ] [90m[1m_update_scan_actions[22m | 12_original.png[39m[0m
[  77% ] [90m[1m_update_scan_actions[22m | 13_enhanced.png[39m[0m
[  77% ] [90m[1m_update_scan_actions[22m | 13_original.png[39m[0m
[  77% ] [90m[1m_update_scan_actions[22m | 14_enhanced.png[39m[0m
[  77% ] [90m[1m_update_scan_actions[22m | 14_original.png[39m[0m
[  77% ] [90m[1m_update_scan_actions[22m | 15_enhanced.png[39m[0m
[  77% ] [90m[1m_update_scan_actions[22m | 15_original.png[39m[0m
[  77% ] [90m[1m_update_scan_actions[22m | 16_enhanced.png[39m[0m
[  77% ] [90m[1m_update_scan_actions[22m | 16_original.png[39m[0m
[  77% ] [90m[1m_update_scan_actions[22m | 17_enhanced.png[39m[0m
[  77% ] [90m[1m_update_scan_actions[22m | 17_original.png[39m[0m
[  77% ] [90m[1m_update_scan_actions[22m | 18_enhanced.png[39m[0m
[  78% ] [90m[1m_update_scan_actions[22m | 18_original.png[39m[0m
[  78% ] [90m[1m_update_scan_actions[22m | 19_enhanced.png[39m[0m
[  78% ] [90m[1m_update_scan_actions[22m | 19_original.png[39m[0m
[  78% ] [90m[1m_update_scan_actions[22m | 20_enhanced.png[39m[0m
[  78% ] [90m[1m_update_scan_actions[22m | 20_original.png[39m[0m
[  78% ] [90m[1m_update_scan_actions[22m | CEBF_tiles.png[39m[0m
[  78% ] [90m[1m_update_scan_actions[22m | CEFF_tiles.png[39m[0m
[  78% ] [90m[1m_update_scan_actions[22m | CF3F_tiles.png[39m[0m
[  78% ] [90m[1m_update_scan_actions[22m | CF7F_tiles.png[39m[0m
[  78% ] [90m[1m_update_scan_actions[22m | CFBF_tiles.png[39m[0m
[  78% ] [90m[1m_update_scan_actions[22m | CFFF_tiles.png[39m[0m
[  78% ] [90m[1m_update_scan_actions[22m | D0BF_tiles.png[39m[0m
[  78% ] [90m[1m_update_scan_actions[22m | D0FF_tiles.png[39m[0m
[  79% ] [90m[1m_update_scan_actions[22m | D1BF_tiles.png[39m[0m
[  79% ] [90m[1m_update_scan_actions[22m | D1FF_tiles.png[39m[0m
[  79% ] [90m[1m_update_scan_actions[22m | D2BF_tiles.png[39m[0m
[  79% ] [90m[1m_update_scan_actions[22m | D2FF_tiles.png[39m[0m
[  79% ] [90m[1m_update_scan_actions[22m | D3BF_tiles.png[39m[0m
[  79% ] [90m[1m_update_scan_actions[22m | D3FF_tiles.png[39m[0m
[  79% ] [90m[1m_update_scan_actions[22m | D03F_tiles.png[39m[0m
[  79% ] [90m[1m_update_scan_actions[22m | D4BF_tiles.png[39m[0m
[  79% ] [90m[1m_update_scan_actions[22m | D4FF_tiles.png[39m[0m
[  79% ] [90m[1m_update_scan_actions[22m | D5BF_tiles.png[39m[0m
[  79% ] [90m[1m_update_scan_actions[22m | D5FF_tiles.png[39m[0m
[  79% ] [90m[1m_update_scan_actions[22m | D6BF_tiles.png[39m[0m
[  80% ] [90m[1m_update_scan_actions[22m | D6FF_tiles.png[39m[0m
[  80% ] [90m[1m_update_scan_actions[22m | D7BF_tiles.png[39m[0m
[  80% ] [90m[1m_update_scan_actions[22m | D7FF_tiles.png[39m[0m
[  80% ] [90m[1m_update_scan_actions[22m | D07F_tiles.png[39m[0m
[  80% ] [90m[1m_update_scan_actions[22m | D8BF_tiles.png[39m[0m
[  80% ] [90m[1m_update_scan_actions[22m | D8FF_tiles.png[39m[0m
[  80% ] [90m[1m_update_scan_actions[22m | D9BF_tiles.png[39m[0m
[  80% ] [90m[1m_update_scan_actions[22m | D9FF_tiles.png[39m[0m
[  80% ] [90m[1m_update_scan_actions[22m | D13F_tiles.png[39m[0m
[  80% ] [90m[1m_update_scan_actions[22m | D17F_tiles.png[39m[0m
[  80% ] [90m[1m_update_scan_actions[22m | D23F_tiles.png[39m[0m
[  80% ] [90m[1m_update_scan_actions[22m | D27F_tiles.png[39m[0m
[  80% ] [90m[1m_update_scan_actions[22m | D33F_tiles.png[39m[0m
[  81% ] [90m[1m_update_scan_actions[22m | D37F_tiles.png[39m[0m
[  81% ] [90m[1m_update_scan_actions[22m | D43F_tiles.png[39m[0m
[  81% ] [90m[1m_update_scan_actions[22m | D47F_tiles.png[39m[0m
[  81% ] [90m[1m_update_scan_actions[22m | D53F_tiles.png[39m[0m
[  81% ] [90m[1m_update_scan_actions[22m | D57F_tiles.png[39m[0m
[  81% ] [90m[1m_update_scan_actions[22m | D63F_tiles.png[39m[0m
[  81% ] [90m[1m_update_scan_actions[22m | D67F_tiles.png[39m[0m
[  81% ] [90m[1m_update_scan_actions[22m | D77F_tiles.png[39m[0m
[  81% ] [90m[1m_update_scan_actions[22m | D83F_tiles.png[39m[0m
[  81% ] [90m[1m_update_scan_actions[22m | D87F_tiles.png[39m[0m
[  81% ] [90m[1m_update_scan_actions[22m | D93F_tiles.png[39m[0m
[  81% ] [90m[1m_update_scan_actions[22m | D97F_tiles.png[39m[0m
[  82% ] [90m[1m_update_scan_actions[22m | DA3F_tiles.png[39m[0m
[  82% ] [90m[1m_update_scan_actions[22m | DA7F_tiles.png[39m[0m
[  82% ] [90m[1m_update_scan_actions[22m | DABF_tiles.png[39m[0m
[  82% ] [90m[1m_update_scan_actions[22m | DB3F_tiles.png[39m[0m
[  82% ] [90m[1m_update_scan_actions[22m | DB7F_tiles.png[39m[0m
[  82% ] [90m[1m_update_scan_actions[22m | DBBF_tiles.png[39m[0m
[  82% ] [90m[1m_update_scan_actions[22m | DBFF_tiles.png[39m[0m
[  82% ] [90m[1m_update_scan_actions[22m | DC3F_tiles.png[39m[0m
[  82% ] [90m[1m_update_scan_actions[22m | DC7F_tiles.png[39m[0m
[  82% ] [90m[1m_update_scan_actions[22m | DCBF_tiles.png[39m[0m
[  82% ] [90m[1m_update_scan_actions[22m | DCFF_tiles.png[39m[0m
[  82% ] [90m[1m_update_scan_actions[22m | DD3F_tiles.png[39m[0m
[  82% ] [90m[1m_update_scan_actions[22m | DD7F_tiles.png[39m[0m
[  83% ] [90m[1m_update_scan_actions[22m | DDBF_tiles.png[39m[0m
[  83% ] [90m[1m_update_scan_actions[22m | DDFF_tiles.png[39m[0m
[  83% ] [90m[1m_update_scan_actions[22m | DE3F_tiles.png[39m[0m
[  83% ] [90m[1m_update_scan_actions[22m | DE7F_tiles.png[39m[0m
[  83% ] [90m[1m_update_scan_actions[22m | DEBF_tiles.png[39m[0m
[  83% ] [90m[1m_update_scan_actions[22m | DEFF_tiles.png[39m[0m
[  83% ] [90m[1m_update_scan_actions[22m | DF3F_tiles.png[39m[0m
[  83% ] [90m[1m_update_scan_actions[22m | DF7F_tiles.png[39m[0m
[  83% ] [90m[1m_update_scan_actions[22m | DFBF_tiles.png[39m[0m
[  83% ] [90m[1m_update_scan_actions[22m | DFFF_tiles.png[39m[0m
[  83% ] [90m[1m_update_scan_actions[22m | E0BF_tiles.png[39m[0m
[  83% ] [90m[1m_update_scan_actions[22m | E0FF_tiles.png[39m[0m
[  84% ] [90m[1m_update_scan_actions[22m | E1BF_tiles.png[39m[0m
[  84% ] [90m[1m_update_scan_actions[22m | E2BF_tiles.png[39m[0m
[  84% ] [90m[1m_update_scan_actions[22m | E2FF_tiles.png[39m[0m
[  84% ] [90m[1m_update_scan_actions[22m | E3BF_tiles.png[39m[0m
[  84% ] [90m[1m_update_scan_actions[22m | E3FF_tiles.png[39m[0m
[  84% ] [90m[1m_update_scan_actions[22m | E03F_tiles.png[39m[0m
[  84% ] [90m[1m_update_scan_actions[22m | E4BF_tiles.png[39m[0m
[  84% ] [90m[1m_update_scan_actions[22m | E4FF_tiles.png[39m[0m
[  84% ] [90m[1m_update_scan_actions[22m | E5BF_tiles.png[39m[0m
[  84% ] [90m[1m_update_scan_actions[22m | E5FF_tiles.png[39m[0m
[  84% ] [90m[1m_update_scan_actions[22m | E6BF_tiles.png[39m[0m
[  84% ] [90m[1m_update_scan_actions[22m | E6FF_tiles.png[39m[0m
[  84% ] [90m[1m_update_scan_actions[22m | E7BF_tiles.png[39m[0m
[  85% ] [90m[1m_update_scan_actions[22m | E7FF_tiles.png[39m[0m
[  85% ] [90m[1m_update_scan_actions[22m | E07F_tiles.png[39m[0m
[  85% ] [90m[1m_update_scan_actions[22m | E8BF_tiles.png[39m[0m
[  85% ] [90m[1m_update_scan_actions[22m | E8FF_tiles.png[39m[0m
[  85% ] [90m[1m_update_scan_actions[22m | E9BF_tiles.png[39m[0m
[  85% ] [90m[1m_update_scan_actions[22m | E9FF_tiles.png[39m[0m
[  85% ] [90m[1m_update_scan_actions[22m | E13F_tiles.png[39m[0m
[  85% ] [90m[1m_update_scan_actions[22m | E17F_tiles.png[39m[0m
[  85% ] [90m[1m_update_scan_actions[22m | E23F_tiles.png[39m[0m
[  85% ] [90m[1m_update_scan_actions[22m | E33F_tiles.png[39m[0m
[  85% ] [90m[1m_update_scan_actions[22m | E37F_tiles.png[39m[0m
[  85% ] [90m[1m_update_scan_actions[22m | E43F_tiles.png[39m[0m
[  85% ] [90m[1m_update_scan_actions[22m | E47F_tiles.png[39m[0m
[  86% ] [90m[1m_update_scan_actions[22m | E53F_tiles.png[39m[0m
[  86% ] [90m[1m_update_scan_actions[22m | E57F_tiles.png[39m[0m
[  86% ] [90m[1m_update_scan_actions[22m | E63F_tiles.png[39m[0m
[  86% ] [90m[1m_update_scan_actions[22m | E67F_tiles.png[39m[0m
[  86% ] [90m[1m_update_scan_actions[22m | E73F_tiles.png[39m[0m
[  86% ] [90m[1m_update_scan_actions[22m | E77F_tiles.png[39m[0m
[  86% ] [90m[1m_update_scan_actions[22m | E83F_tiles.png[39m[0m
[  86% ] [90m[1m_update_scan_actions[22m | E87F_tiles.png[39m[0m
[  86% ] [90m[1m_update_scan_actions[22m | E93F_tiles.png[39m[0m
[  86% ] [90m[1m_update_scan_actions[22m | E97F_tiles.png[39m[0m
[  86% ] [90m[1m_update_scan_actions[22m | EA3F_tiles.png[39m[0m
[  86% ] [90m[1m_update_scan_actions[22m | EA7F_tiles.png[39m[0m
[  87% ] [90m[1m_update_scan_actions[22m | EABF_tiles.png[39m[0m
[  87% ] [90m[1m_update_scan_actions[22m | EAFF_tiles.png[39m[0m
[  87% ] [90m[1m_update_scan_actions[22m | EB3F_tiles.png[39m[0m
[  87% ] [90m[1m_update_scan_actions[22m | EB7F_tiles.png[39m[0m
[  87% ] [90m[1m_update_scan_actions[22m | EBBF_tiles.png[39m[0m
[  87% ] [90m[1m_update_scan_actions[22m | EBFF_tiles.png[39m[0m
[  87% ] [90m[1m_update_scan_actions[22m | EC3F_tiles.png[39m[0m
[  87% ] [90m[1m_update_scan_actions[22m | EC7F_tiles.png[39m[0m
[  87% ] [90m[1m_update_scan_actions[22m | ED3F_tiles.png[39m[0m
[  87% ] [90m[1m_update_scan_actions[22m | ED7F_tiles.png[39m[0m
[  87% ] [90m[1m_update_scan_actions[22m | EDBF_tiles.png[39m[0m
[  87% ] [90m[1m_update_scan_actions[22m | EEBF_tiles.png[39m[0m
[  87% ] [90m[1m_update_scan_actions[22m | EEFF_tiles.png[39m[0m
[  88% ] [90m[1m_update_scan_actions[22m | EF3F_tiles.png[39m[0m
[  88% ] [90m[1m_update_scan_actions[22m | EF7F_tiles.png[39m[0m
[  88% ] [90m[1m_update_scan_actions[22m | EFBF_tiles.png[39m[0m
[  88% ] [90m[1m_update_scan_actions[22m | EFFF_tiles.png[39m[0m
[  88% ] [90m[1m_update_scan_actions[22m | elevator_enhanced.png[39m[0m
[  88% ] [90m[1m_update_scan_actions[22m | elevator_original.png[39m[0m
[  88% ] [90m[1m_update_scan_actions[22m | F0BF_tiles.png[39m[0m
[  88% ] [90m[1m_update_scan_actions[22m | F0FF_tiles.png[39m[0m
[  88% ] [90m[1m_update_scan_actions[22m | F1D3_tiles.png[39m[0m
[  88% ] [90m[1m_update_scan_actions[22m | F2D3_tiles.png[39m[0m
[  88% ] [90m[1m_update_scan_actions[22m | F3D3_tiles.png[39m[0m
[  88% ] [90m[1m_update_scan_actions[22m | F03F_tiles.png[39m[0m
[  89% ] [90m[1m_update_scan_actions[22m | F4D3_tiles.png[39m[0m
[  89% ] [90m[1m_update_scan_actions[22m | F5D3_tiles.png[39m[0m
[  89% ] [90m[1m_update_scan_actions[22m | F6D3_tiles.png[39m[0m
[  89% ] [90m[1m_update_scan_actions[22m | F07F_tiles.png[39m[0m
[  89% ] [90m[1m_update_scan_actions[22m | F193_tiles.png[39m[0m
[  89% ] [90m[1m_update_scan_actions[22m | F213_tiles.png[39m[0m
[  89% ] [90m[1m_update_scan_actions[22m | F253_tiles.png[39m[0m
[  89% ] [90m[1m_update_scan_actions[22m | F293_tiles.png[39m[0m
[  89% ] [90m[1m_update_scan_actions[22m | F313_tiles.png[39m[0m
[  89% ] [90m[1m_update_scan_actions[22m | F353_tiles.png[39m[0m
[  89% ] [90m[1m_update_scan_actions[22m | F393_tiles.png[39m[0m
[  89% ] [90m[1m_update_scan_actions[22m | F413_tiles.png[39m[0m
[  89% ] [90m[1m_update_scan_actions[22m | F453_tiles.png[39m[0m
[  90% ] [90m[1m_update_scan_actions[22m | F493_tiles.png[39m[0m
[  90% ] [90m[1m_update_scan_actions[22m | F513_tiles.png[39m[0m
[  90% ] [90m[1m_update_scan_actions[22m | F553_tiles.png[39m[0m
[  90% ] [90m[1m_update_scan_actions[22m | F593_tiles.png[39m[0m
[  90% ] [90m[1m_update_scan_actions[22m | F613_tiles.png[39m[0m
[  90% ] [90m[1m_update_scan_actions[22m | F653_tiles.png[39m[0m
[  90% ] [90m[1m_update_scan_actions[22m | F693_tiles.png[39m[0m
[  90% ] [90m[1m_update_scan_actions[22m | F713_tiles.png[39m[0m
[  90% ] [90m[1m_update_scan_actions[22m | F753_tiles.png[39m[0m
[  90% ] [90m[1m_update_scan_actions[22m | F793_tiles.png[39m[0m
[  90% ] [90m[1m_update_scan_actions[22m | pirate_laser_enhanced.png[39m[0m
[  90% ] [90m[1m_update_scan_actions[22m | pirate_laser_original.png[39m[0m
[  91% ] [90m[1m_update_scan_actions[22m | pirate_walking_enhanced.png[39m[0m
[  91% ] [90m[1m_update_scan_actions[22m | pirate_walking_original.png[39m[0m
[  91% ] [90m[1m_update_scan_actions[22m | pirate_wall_enhanced.png[39m[0m
[  91% ] [90m[1m_update_scan_actions[22m | pirate_wall_original.png[39m[0m
[  91% ] [90m[1m_update_scan_actions[22m | ripper_enhanced.png[39m[0m
[  91% ] [90m[1m_update_scan_actions[22m | ripper_original.png[39m[0m
[  91% ] [90m[1m_update_scan_actions[22m | ship_enhanced.png[39m[0m
[  91% ] [90m[1m_update_scan_actions[22m | ship_original.png[39m[0m
[  91% ] [90m[1m_update_scan_actions[22m | skree_enhanced.png[39m[0m
[  91% ] [90m[1m_update_scan_actions[22m | skree_original.png[39m[0m
[  91% ] [90m[1m_update_scan_actions[22m | zoomer_enhanced.png[39m[0m
[  91% ] [90m[1m_update_scan_actions[22m | zoomer_original.png[39m[0m
[  91% ] [90m[1m_update_scan_actions[22m | crateria_reference.png[39m[0m
[  92% ] [90m[1m_update_scan_actions[22m | landing_site_original.png[39m[0m
[  92% ] [90m[1m_update_scan_actions[22m | samus_reference.png[39m[0m
[  92% ] [90m[1m_update_scan_actions[22m | aim_diagonal_enhanced.png[39m[0m
[  92% ] [90m[1m_update_scan_actions[22m | aim_diagonal_left_enhanced.png[39m[0m
[  92% ] [90m[1m_update_scan_actions[22m | aim_diagonal_left_original.png[39m[0m
[  92% ] [90m[1m_update_scan_actions[22m | aim_diagonal_original.png[39m[0m
[  92% ] [90m[1m_update_scan_actions[22m | aim_up_enhanced.png[39m[0m
[  92% ] [90m[1m_update_scan_actions[22m | aim_up_left_enhanced.png[39m[0m
[  92% ] [90m[1m_update_scan_actions[22m | aim_up_left_original.png[39m[0m
[  92% ] [90m[1m_update_scan_actions[22m | aim_up_original.png[39m[0m
[  92% ] [90m[1m_update_scan_actions[22m | crouch_enhanced.png[39m[0m
[  92% ] [90m[1m_update_scan_actions[22m | crouch_left_enhanced.png[39m[0m
[  92% ] [90m[1m_update_scan_actions[22m | crouch_left_original.png[39m[0m
[  93% ] [90m[1m_update_scan_actions[22m | crouch_original.png[39m[0m
[  93% ] [90m[1m_update_scan_actions[22m | fall_enhanced.png[39m[0m
[  93% ] [90m[1m_update_scan_actions[22m | fall_left_enhanced.png[39m[0m
[  93% ] [90m[1m_update_scan_actions[22m | fall_left_original.png[39m[0m
[  93% ] [90m[1m_update_scan_actions[22m | fall_original.png[39m[0m
[  93% ] [90m[1m_update_scan_actions[22m | front_enhanced.png[39m[0m
[  93% ] [90m[1m_update_scan_actions[22m | front_original.png[39m[0m
[  93% ] [90m[1m_update_scan_actions[22m | idle_enhanced.png[39m[0m
[  93% ] [90m[1m_update_scan_actions[22m | idle_left_enhanced.png[39m[0m
[  93% ] [90m[1m_update_scan_actions[22m | idle_left_original.png[39m[0m
[  93% ] [90m[1m_update_scan_actions[22m | idle_original.png[39m[0m
[  93% ] [90m[1m_update_scan_actions[22m | jump_enhanced.png[39m[0m
[  94% ] [90m[1m_update_scan_actions[22m | jump_left_enhanced.png[39m[0m
[  94% ] [90m[1m_update_scan_actions[22m | jump_left_original.png[39m[0m
[  94% ] [90m[1m_update_scan_actions[22m | jump_original.png[39m[0m
[  94% ] [90m[1m_update_scan_actions[22m | morph_enhanced.png[39m[0m
[  94% ] [90m[1m_update_scan_actions[22m | morph_left_enhanced.png[39m[0m
[  94% ] [90m[1m_update_scan_actions[22m | morph_left_original.png[39m[0m
[  94% ] [90m[1m_update_scan_actions[22m | morph_original.png[39m[0m
[  94% ] [90m[1m_update_scan_actions[22m | run_enhanced.png[39m[0m
[  94% ] [90m[1m_update_scan_actions[22m | run_left_enhanced.png[39m[0m
[  94% ] [90m[1m_update_scan_actions[22m | run_left_original.png[39m[0m
[  94% ] [90m[1m_update_scan_actions[22m | run_original.png[39m[0m
[  94% ] [90m[1m_update_scan_actions[22m | spin_enhanced.png[39m[0m
[  94% ] [90m[1m_update_scan_actions[22m | spin_left_enhanced.png[39m[0m
[  95% ] [90m[1m_update_scan_actions[22m | spin_left_original.png[39m[0m
[  95% ] [90m[1m_update_scan_actions[22m | spin_original.png[39m[0m
[  95% ] [90m[1m_update_scan_actions[22m | 00_enhanced.png[39m[0m
[  95% ] [90m[1m_update_scan_actions[22m | 00_original.png[39m[0m
[  95% ] [90m[1m_update_scan_actions[22m | 01_enhanced.png[39m[0m
[  95% ] [90m[1m_update_scan_actions[22m | 01_original.png[39m[0m
[  95% ] [90m[1m_update_scan_actions[22m | 02_enhanced.png[39m[0m
[  95% ] [90m[1m_update_scan_actions[22m | 02_original.png[39m[0m
[  95% ] [90m[1m_update_scan_actions[22m | 03_enhanced.png[39m[0m
[  95% ] [90m[1m_update_scan_actions[22m | 03_original.png[39m[0m
[  95% ] [90m[1m_update_scan_actions[22m | 04_enhanced.png[39m[0m
[  95% ] [90m[1m_update_scan_actions[22m | 04_original.png[39m[0m
[  96% ] [90m[1m_update_scan_actions[22m | 05_enhanced.png[39m[0m
[  96% ] [90m[1m_update_scan_actions[22m | 05_original.png[39m[0m
[  96% ] [90m[1m_update_scan_actions[22m | 06_enhanced.png[39m[0m
[  96% ] [90m[1m_update_scan_actions[22m | 06_original.png[39m[0m
[  96% ] [90m[1m_update_scan_actions[22m | 07_enhanced.png[39m[0m
[  96% ] [90m[1m_update_scan_actions[22m | 07_original.png[39m[0m
[  96% ] [90m[1m_update_scan_actions[22m | 08_enhanced.png[39m[0m
[  96% ] [90m[1m_update_scan_actions[22m | 08_original.png[39m[0m
[  96% ] [90m[1m_update_scan_actions[22m | 09_enhanced.png[39m[0m
[  96% ] [90m[1m_update_scan_actions[22m | 09_original.png[39m[0m
[  96% ] [90m[1m_update_scan_actions[22m | 10_enhanced.png[39m[0m
[  96% ] [90m[1m_update_scan_actions[22m | 10_original.png[39m[0m
[  96% ] [90m[1m_update_scan_actions[22m | 11_enhanced.png[39m[0m
[  97% ] [90m[1m_update_scan_actions[22m | 11_original.png[39m[0m
[  97% ] [90m[1m_update_scan_actions[22m | 12_enhanced.png[39m[0m
[  97% ] [90m[1m_update_scan_actions[22m | 12_original.png[39m[0m
[  97% ] [90m[1m_update_scan_actions[22m | 13_enhanced.png[39m[0m
[  97% ] [90m[1m_update_scan_actions[22m | 13_original.png[39m[0m
[  97% ] [90m[1m_update_scan_actions[22m | 14_enhanced.png[39m[0m
[  97% ] [90m[1m_update_scan_actions[22m | 14_original.png[39m[0m
[  97% ] [90m[1m_update_scan_actions[22m | 15_enhanced.png[39m[0m
[  97% ] [90m[1m_update_scan_actions[22m | 15_original.png[39m[0m
[  97% ] [90m[1m_update_scan_actions[22m | 16_enhanced.png[39m[0m
[  97% ] [90m[1m_update_scan_actions[22m | 16_original.png[39m[0m
[  97% ] [90m[1m_update_scan_actions[22m | 17_enhanced.png[39m[0m
[  98% ] [90m[1m_update_scan_actions[22m | 17_original.png[39m[0m
[  98% ] [90m[1m_update_scan_actions[22m | 18_enhanced.png[39m[0m
[  98% ] [90m[1m_update_scan_actions[22m | 18_original.png[39m[0m
[  98% ] [90m[1m_update_scan_actions[22m | 19_enhanced.png[39m[0m
[  98% ] [90m[1m_update_scan_actions[22m | 19_original.png[39m[0m
[  98% ] [90m[1m_update_scan_actions[22m | 20_enhanced.png[39m[0m
[  98% ] [90m[1m_update_scan_actions[22m | 20_original.png[39m[0m
[  98% ] [90m[1m_update_scan_actions[22m | 21_enhanced.png[39m[0m
[  98% ] [90m[1m_update_scan_actions[22m | 21_original.png[39m[0m
[  98% ] [90m[1m_update_scan_actions[22m | 22_enhanced.png[39m[0m
[  98% ] [90m[1m_update_scan_actions[22m | 22_original.png[39m[0m
[  98% ] [90m[1m_update_scan_actions[22m | 23_enhanced.png[39m[0m
[  98% ] [90m[1m_update_scan_actions[22m | 23_original.png[39m[0m
[  99% ] [90m[1m_update_scan_actions[22m | 24_enhanced.png[39m[0m
[  99% ] [90m[1m_update_scan_actions[22m | 24_original.png[39m[0m
[  99% ] [90m[1m_update_scan_actions[22m | 25_enhanced.png[39m[0m
[  99% ] [90m[1m_update_scan_actions[22m | 25_original.png[39m[0m
[  99% ] [90m[1m_update_scan_actions[22m | 26_enhanced.png[39m[0m
[  99% ] [90m[1m_update_scan_actions[22m | 26_original.png[39m[0m
[  99% ] [90m[1m_update_scan_actions[22m | 27_enhanced.png[39m[0m
[  99% ] [90m[1m_update_scan_actions[22m | 27_original.png[39m[0m
[  99% ] [90m[1m_update_scan_actions[22m | 28_enhanced.png[39m[0m
[  99% ] [90m[1m_update_scan_actions[22m | 28_original.png[39m[0m
[  99% ] [90m[1m_update_scan_actions[22m | crateria_backdrop.png[39m[0m
[92m[ DONE ][39m [1m_update_scan_actions[22m
[0m
[   0% ] [90m[1mreimport[22m | Started (Re)Importación de Assets (1256 steps)[39m[0m
[   0% ] [90m[1mreimport[22m | Preparando archivos para reimportarlos...[39m[0m
[   0% ] [90m[1mreimport[22m | Preparando archivos para reimportarlos...[39m[0m
[   0% ] [90m[1mreimport[22m | Preparando archivos para reimportarlos...[39m[0m
[   0% ] [90m[1mreimport[22m | Preparando archivos para reimportarlos...[39m[0m
[   0% ] [90m[1mreimport[22m | Preparando archivos para reimportarlos...[39m[0m
[   0% ] [90m[1mreimport[22m | Preparando archivos para reimportarlos...[39m[0m
[   0% ] [90m[1mreimport[22m | Preparando archivos para reimportarlos...[39m[0m
[   0% ] [90m[1mreimport[22m | Preparando archivos para reimportarlos...[39m[0m
[   0% ] [90m[1mreimport[22m | Preparando archivos para reimportarlos...[39m[0m
[   0% ] [90m[1mreimport[22m | Preparando archivos para reimportarlos...[39m[0m
[   0% ] [90m[1mreimport[22m | Preparando archivos para reimportarlos...[39m[0m
[   0% ] [90m[1mreimport[22m | Preparando archivos para reimportarlos...[39m[0m
[   0% ] [90m[1mreimport[22m | Preparando archivos para reimportarlos...[39m[0m
[   1% ] [90m[1mreimport[22m | Preparando archivos para reimportarlos...[39m[0m
[   1% ] [90m[1mreimport[22m | Preparando archivos para reimportarlos...[39m[0m
[   1% ] [90m[1mreimport[22m | Preparando archivos para reimportarlos...[39m[0m
[   1% ] [90m[1mreimport[22m | Preparando archivos para reimportarlos...[39m[0m
[   1% ] [90m[1mreimport[22m | Preparando archivos para reimportarlos...[39m[0m
[   1% ] [90m[1mreimport[22m | Preparando archivos para reimportarlos...[39m[0m
[   1% ] [90m[1mreimport[22m | Preparando archivos para reimportarlos...[39m[0m
[   1% ] [90m[1mreimport[22m | Preparando archivos para reimportarlos...[39m[0m
[   1% ] [90m[1mreimport[22m | Preparando archivos para reimportarlos...[39m[0m
[   1% ] [90m[1mreimport[22m | Preparando archivos para reimportarlos...[39m[0m
[   1% ] [90m[1mreimport[22m | Preparando archivos para reimportarlos...[39m[0m
[   1% ] [90m[1mreimport[22m | Preparando archivos para reimportarlos...[39m[0m
[   1% ] [90m[1mreimport[22m | Preparando archivos para reimportarlos...[39m[0m
[   2% ] [90m[1mreimport[22m | Preparando archivos para reimportarlos...[39m[0m
[   2% ] [90m[1mreimport[22m | Preparando archivos para reimportarlos...[39m[0m
[   2% ] [90m[1mreimport[22m | Preparando archivos para reimportarlos...[39m[0m
[   2% ] [90m[1mreimport[22m | Preparando archivos para reimportarlos...[39m[0m
[   2% ] [90m[1mreimport[22m | Preparando archivos para reimportarlos...[39m[0m
[   2% ] [90m[1mreimport[22m | Preparando archivos para reimportarlos...[39m[0m
[   2% ] [90m[1mreimport[22m | Preparando archivos para reimportarlos...[39m[0m
[   2% ] [90m[1mreimport[22m | Preparando archivos para reimportarlos...[39m[0m
[   2% ] [90m[1mreimport[22m | Preparando archivos para reimportarlos...[39m[0m
[   2% ] [90m[1mreimport[22m | Preparando archivos para reimportarlos...[39m[0m
[   2% ] [90m[1mreimport[22m | Preparando archivos para reimportarlos...[39m[0m
[   2% ] [90m[1mreimport[22m | Preparando archivos para reimportarlos...[39m[0m
[   3% ] [90m[1mreimport[22m | Preparando archivos para reimportarlos...[39m[0m
[   3% ] [90m[1mreimport[22m | Preparando archivos para reimportarlos...[39m[0m
[   3% ] [90m[1mreimport[22m | Preparando archivos para reimportarlos...[39m[0m
[   3% ] [90m[1mreimport[22m | Preparando archivos para reimportarlos...[39m[0m
[   3% ] [90m[1mreimport[22m | Preparando archivos para reimportarlos...[39m[0m
[   3% ] [90m[1mreimport[22m | Preparando archivos para reimportarlos...[39m[0m
[   3% ] [90m[1mreimport[22m | Preparando archivos para reimportarlos...[39m[0m
[   3% ] [90m[1mreimport[22m | Preparando archivos para reimportarlos...[39m[0m
[   3% ] [90m[1mreimport[22m | Preparando archivos para reimportarlos...[39m[0m
[   3% ] [90m[1mreimport[22m | Preparando archivos para reimportarlos...[39m[0m
[   3% ] [90m[1mreimport[22m | Preparando archivos para reimportarlos...[39m[0m
[   3% ] [90m[1mreimport[22m | Preparando archivos para reimportarlos...[39m[0m
[   3% ] [90m[1mreimport[22m | Preparando archivos para reimportarlos...[39m[0m
[   4% ] [90m[1mreimport[22m | Preparando archivos para reimportarlos...[39m[0m
[   4% ] [90m[1mreimport[22m | Preparando archivos para reimportarlos...[39m[0m
[   4% ] [90m[1mreimport[22m | Preparando archivos para reimportarlos...[39m[0m
[   4% ] [90m[1mreimport[22m | Preparando archivos para reimportarlos...[39m[0m
[   4% ] [90m[1mreimport[22m | Preparando archivos para reimportarlos...[39m[0m
[   4% ] [90m[1mreimport[22m | Preparando archivos para reimportarlos...[39m[0m
[   4% ] [90m[1mreimport[22m | Preparando archivos para reimportarlos...[39m[0m
[   4% ] [90m[1mreimport[22m | Preparando archivos para reimportarlos...[39m[0m
[   4% ] [90m[1mreimport[22m | Preparando archivos para reimportarlos...[39m[0m
[   4% ] [90m[1mreimport[22m | Preparando archivos para reimportarlos...[39m[0m
[   4% ] [90m[1mreimport[22m | Preparando archivos para reimportarlos...[39m[0m
[   4% ] [90m[1mreimport[22m | Preparando archivos para reimportarlos...[39m[0m
[   5% ] [90m[1mreimport[22m | Preparando archivos para reimportarlos...[39m[0m
[   5% ] [90m[1mreimport[22m | Preparando archivos para reimportarlos...[39m[0m
[   5% ] [90m[1mreimport[22m | Preparando archivos para reimportarlos...[39m[0m
[   5% ] [90m[1mreimport[22m | Preparando archivos para reimportarlos...[39m[0m
[   5% ] [90m[1mreimport[22m | Preparando archivos para reimportarlos...[39m[0m
[   5% ] [90m[1mreimport[22m | Preparando archivos para reimportarlos...[39m[0m
[   5% ] [90m[1mreimport[22m | Preparando archivos para reimportarlos...[39m[0m
[   5% ] [90m[1mreimport[22m | Preparando archivos para reimportarlos...[39m[0m
[   5% ] [90m[1mreimport[22m | Preparando archivos para reimportarlos...[39m[0m
[   5% ] [90m[1mreimport[22m | Preparando archivos para reimportarlos...[39m[0m
[   5% ] [90m[1mreimport[22m | Preparando archivos para reimportarlos...[39m[0m
[   5% ] [90m[1mreimport[22m | Preparando archivos para reimportarlos...[39m[0m
[   5% ] [90m[1mreimport[22m | Preparando archivos para reimportarlos...[39m[0m
[   6% ] [90m[1mreimport[22m | Preparando archivos para reimportarlos...[39m[0m
[   6% ] [90m[1mreimport[22m | Preparando archivos para reimportarlos...[39m[0m
[   6% ] [90m[1mreimport[22m | Preparando archivos para reimportarlos...[39m[0m
[   6% ] [90m[1mreimport[22m | Preparando archivos para reimportarlos...[39m[0m
[   6% ] [90m[1mreimport[22m | Preparando archivos para reimportarlos...[39m[0m
[   6% ] [90m[1mreimport[22m | Preparando archivos para reimportarlos...[39m[0m
[   6% ] [90m[1mreimport[22m | Preparando archivos para reimportarlos...[39m[0m
[   6% ] [90m[1mreimport[22m | Preparando archivos para reimportarlos...[39m[0m
[   6% ] [90m[1mreimport[22m | Preparando archivos para reimportarlos...[39m[0m
[   6% ] [90m[1mreimport[22m | Preparando archivos para reimportarlos...[39m[0m
[   6% ] [90m[1mreimport[22m | Preparando archivos para reimportarlos...[39m[0m
[   6% ] [90m[1mreimport[22m | Preparando archivos para reimportarlos...[39m[0m
[   7% ] [90m[1mreimport[22m | Preparando archivos para reimportarlos...[39m[0m
[   7% ] [90m[1mreimport[22m | Preparando archivos para reimportarlos...[39m[0m
[   7% ] [90m[1mreimport[22m | Preparando archivos para reimportarlos...[39m[0m
[   7% ] [90m[1mreimport[22m | Preparando archivos para reimportarlos...[39m[0m
[   7% ] [90m[1mreimport[22m | Preparando archivos para reimportarlos...[39m[0m
[   7% ] [90m[1mreimport[22m | Preparando archivos para reimportarlos...[39m[0m
[   7% ] [90m[1mreimport[22m | Preparando archivos para reimportarlos...[39m[0m
[   7% ] [90m[1mreimport[22m | Preparando archivos para reimportarlos...[39m[0m
[   7% ] [90m[1mreimport[22m | Preparando archivos para reimportarlos...[39m[0m
[   7% ] [90m[1mreimport[22m | Preparando archivos para reimportarlos...[39m[0m
[   7% ] [90m[1mreimport[22m | Preparando archivos para reimportarlos...[39m[0m
[   7% ] [90m[1mreimport[22m | Preparando archivos para reimportarlos...[39m[0m
[   7% ] [90m[1mreimport[22m | Preparando archivos para reimportarlos...[39m[0m
[   8% ] [90m[1mreimport[22m | Preparando archivos para reimportarlos...[39m[0m
[   8% ] [90m[1mreimport[22m | Preparando archivos para reimportarlos...[39m[0m
[   8% ] [90m[1mreimport[22m | Preparando archivos para reimportarlos...[39m[0m
[   8% ] [90m[1mreimport[22m | Preparando archivos para reimportarlos...[39m[0m
[   8% ] [90m[1mreimport[22m | Preparando archivos para reimportarlos...[39m[0m
[   8% ] [90m[1mreimport[22m | Preparando archivos para reimportarlos...[39m[0m
[   8% ] [90m[1mreimport[22m | Preparando archivos para reimportarlos...[39m[0m
[   8% ] [90m[1mreimport[22m | Preparando archivos para reimportarlos...[39m[0m
[   8% ] [90m[1mreimport[22m | Preparando archivos para reimportarlos...[39m[0m
[   8% ] [90m[1mreimport[22m | Preparando archivos para reimportarlos...[39m[0m
[   8% ] [90m[1mreimport[22m | Preparando archivos para reimportarlos...[39m[0m
[   8% ] [90m[1mreimport[22m | Preparando archivos para reimportarlos...[39m[0m
[   8% ] [90m[1mreimport[22m | Preparando archivos para reimportarlos...[39m[0m
[   9% ] [90m[1mreimport[22m | Preparando archivos para reimportarlos...[39m[0m
[   9% ] [90m[1mreimport[22m | Preparando archivos para reimportarlos...[39m[0m
[   9% ] [90m[1mreimport[22m | Preparando archivos para reimportarlos...[39m[0m
[   9% ] [90m[1mreimport[22m | Preparando archivos para reimportarlos...[39m[0m
[   9% ] [90m[1mreimport[22m | Preparando archivos para reimportarlos...[39m[0m
[   9% ] [90m[1mreimport[22m | Preparando archivos para reimportarlos...[39m[0m
[   9% ] [90m[1mreimport[22m | Preparando archivos para reimportarlos...[39m[0m
[   9% ] [90m[1mreimport[22m | Preparando archivos para reimportarlos...[39m[0m
[   9% ] [90m[1mreimport[22m | Preparando archivos para reimportarlos...[39m[0m
[   9% ] [90m[1mreimport[22m | Preparando archivos para reimportarlos...[39m[0m
[   9% ] [90m[1mreimport[22m | Preparando archivos para reimportarlos...[39m[0m
[   9% ] [90m[1mreimport[22m | Preparando archivos para reimportarlos...[39m[0m
[  10% ] [90m[1mreimport[22m | Preparando archivos para reimportarlos...[39m[0m
[  10% ] [90m[1mreimport[22m | Preparando archivos para reimportarlos...[39m[0m
[  10% ] [90m[1mreimport[22m | Preparando archivos para reimportarlos...[39m[0m
[  10% ] [90m[1mreimport[22m | Preparando archivos para reimportarlos...[39m[0m
[  10% ] [90m[1mreimport[22m | Preparando archivos para reimportarlos...[39m[0m
[  10% ] [90m[1mreimport[22m | Preparando archivos para reimportarlos...[39m[0m
[  10% ] [90m[1mreimport[22m | Preparando archivos para reimportarlos...[39m[0m
[  10% ] [90m[1mreimport[22m | Preparando archivos para reimportarlos...[39m[0m
[  10% ] [90m[1mreimport[22m | Preparando archivos para reimportarlos...[39m[0m
[  10% ] [90m[1mreimport[22m | Preparando archivos para reimportarlos...[39m[0m
[  10% ] [90m[1mreimport[22m | Preparando archivos para reimportarlos...[39m[0m
[  10% ] [90m[1mreimport[22m | Preparando archivos para reimportarlos...[39m[0m
[  10% ] [90m[1mreimport[22m | Preparando archivos para reimportarlos...[39m[0m
[  11% ] [90m[1mreimport[22m | Preparando archivos para reimportarlos...[39m[0m
[  11% ] [90m[1mreimport[22m | Preparando archivos para reimportarlos...[39m[0m
[  11% ] [90m[1mreimport[22m | Preparando archivos para reimportarlos...[39m[0m
[  11% ] [90m[1mreimport[22m | Preparando archivos para reimportarlos...[39m[0m
[  11% ] [90m[1mreimport[22m | Preparando archivos para reimportarlos...[39m[0m
[  11% ] [90m[1mreimport[22m | Preparando archivos para reimportarlos...[39m[0m
[  11% ] [90m[1mreimport[22m | Preparando archivos para reimportarlos...[39m[0m
[  11% ] [90m[1mreimport[22m | Preparando archivos para reimportarlos...[39m[0m
[  11% ] [90m[1mreimport[22m | Preparando archivos para reimportarlos...[39m[0m
[  11% ] [90m[1mreimport[22m | Preparando archivos para reimportarlos...[39m[0m
[  11% ] [90m[1mreimport[22m | Preparando archivos para reimportarlos...[39m[0m
[  11% ] [90m[1mreimport[22m | Preparando archivos para reimportarlos...[39m[0m
[  12% ] [90m[1mreimport[22m | Preparando archivos para reimportarlos...[39m[0m
[  12% ] [90m[1mreimport[22m | Preparando archivos para reimportarlos...[39m[0m
[  12% ] [90m[1mreimport[22m | Preparando archivos para reimportarlos...[39m[0m
[  12% ] [90m[1mreimport[22m | Preparando archivos para reimportarlos...[39m[0m
[  12% ] [90m[1mreimport[22m | Preparando archivos para reimportarlos...[39m[0m
[  12% ] [90m[1mreimport[22m | Preparando archivos para reimportarlos...[39m[0m
[  12% ] [90m[1mreimport[22m | Preparando archivos para reimportarlos...[39m[0m
[  12% ] [90m[1mreimport[22m | Preparando archivos para reimportarlos...[39m[0m
[  12% ] [90m[1mreimport[22m | Preparando archivos para reimportarlos...[39m[0m
[  12% ] [90m[1mreimport[22m | Preparando archivos para reimportarlos...[39m[0m
[  12% ] [90m[1mreimport[22m | Preparando archivos para reimportarlos...[39m[0m
[  12% ] [90m[1mreimport[22m | Preparando archivos para reimportarlos...[39m[0m
[  12% ] [90m[1mreimport[22m | Preparando archivos para reimportarlos...[39m[0m
[  13% ] [90m[1mreimport[22m | Preparando archivos para reimportarlos...[39m[0m
[  13% ] [90m[1mreimport[22m | Preparando archivos para reimportarlos...[39m[0m
[  13% ] [90m[1mreimport[22m | Preparando archivos para reimportarlos...[39m[0m
[  13% ] [90m[1mreimport[22m | Preparando archivos para reimportarlos...[39m[0m
[  13% ] [90m[1mreimport[22m | Preparando archivos para reimportarlos...[39m[0m
[  13% ] [90m[1mreimport[22m | Preparando archivos para reimportarlos...[39m[0m
[  13% ] [90m[1mreimport[22m | Preparando archivos para reimportarlos...[39m[0m
[  13% ] [90m[1mreimport[22m | Preparando archivos para reimportarlos...[39m[0m
[  13% ] [90m[1mreimport[22m | Preparando archivos para reimportarlos...[39m[0m
[  13% ] [90m[1mreimport[22m | Preparando archivos para reimportarlos...[39m[0m
[  13% ] [90m[1mreimport[22m | Preparando archivos para reimportarlos...[39m[0m
[  13% ] [90m[1mreimport[22m | Preparando archivos para reimportarlos...[39m[0m
[  14% ] [90m[1mreimport[22m | Preparando archivos para reimportarlos...[39m[0m
[  14% ] [90m[1mreimport[22m | Preparando archivos para reimportarlos...[39m[0m
[  14% ] [90m[1mreimport[22m | Preparando archivos para reimportarlos...[39m[0m
[  14% ] [90m[1mreimport[22m | Preparando archivos para reimportarlos...[39m[0m
[  14% ] [90m[1mreimport[22m | Preparando archivos para reimportarlos...[39m[0m
[  14% ] [90m[1mreimport[22m | Preparando archivos para reimportarlos...[39m[0m
[  14% ] [90m[1mreimport[22m | Preparando archivos para reimportarlos...[39m[0m
[  14% ] [90m[1mreimport[22m | Preparando archivos para reimportarlos...[39m[0m
[  14% ] [90m[1mreimport[22m | Preparando archivos para reimportarlos...[39m[0m
[  14% ] [90m[1mreimport[22m | Preparando archivos para reimportarlos...[39m[0m
[  14% ] [90m[1mreimport[22m | Preparando archivos para reimportarlos...[39m[0m
[  14% ] [90m[1mreimport[22m | Preparando archivos para reimportarlos...[39m[0m
[  14% ] [90m[1mreimport[22m | Preparando archivos para reimportarlos...[39m[0m
[  15% ] [90m[1mreimport[22m | Preparando archivos para reimportarlos...[39m[0m
[  15% ] [90m[1mreimport[22m | Preparando archivos para reimportarlos...[39m[0m
[  15% ] [90m[1mreimport[22m | Preparando archivos para reimportarlos...[39m[0m
[  15% ] [90m[1mreimport[22m | Preparando archivos para reimportarlos...[39m[0m
[  15% ] [90m[1mreimport[22m | Preparando archivos para reimportarlos...[39m[0m
[  15% ] [90m[1mreimport[22m | Preparando archivos para reimportarlos...[39m[0m
[  15% ] [90m[1mreimport[22m | Preparando archivos para reimportarlos...[39m[0m
[  15% ] [90m[1mreimport[22m | Preparando archivos para reimportarlos...[39m[0m
[  15% ] [90m[1mreimport[22m | Preparando archivos para reimportarlos...[39m[0m
[  15% ] [90m[1mreimport[22m | Preparando archivos para reimportarlos...[39m[0m
[  15% ] [90m[1mreimport[22m | Preparando archivos para reimportarlos...[39m[0m
[  15% ] [90m[1mreimport[22m | Preparando archivos para reimportarlos...[39m[0m
[  15% ] [90m[1mreimport[22m | Preparando archivos para reimportarlos...[39m[0m
[  16% ] [90m[1mreimport[22m | Preparando archivos para reimportarlos...[39m[0m
[  16% ] [90m[1mreimport[22m | Preparando archivos para reimportarlos...[39m[0m
[  16% ] [90m[1mreimport[22m | Preparando archivos para reimportarlos...[39m[0m
[  16% ] [90m[1mreimport[22m | Preparando archivos para reimportarlos...[39m[0m
[  16% ] [90m[1mreimport[22m | Preparando archivos para reimportarlos...[39m[0m
[  16% ] [90m[1mreimport[22m | Preparando archivos para reimportarlos...[39m[0m
[  16% ] [90m[1mreimport[22m | Preparando archivos para reimportarlos...[39m[0m
[  16% ] [90m[1mreimport[22m | Preparando archivos para reimportarlos...[39m[0m
[  16% ] [90m[1mreimport[22m | Preparando archivos para reimportarlos...[39m[0m
[  16% ] [90m[1mreimport[22m | Preparando archivos para reimportarlos...[39m[0m
[  16% ] [90m[1mreimport[22m | Preparando archivos para reimportarlos...[39m[0m
[  16% ] [90m[1mreimport[22m | Preparando archivos para reimportarlos...[39m[0m
[  17% ] [90m[1mreimport[22m | Preparando archivos para reimportarlos...[39m[0m
[  17% ] [90m[1mreimport[22m | Preparando archivos para reimportarlos...[39m[0m
[  17% ] [90m[1mreimport[22m | Preparando archivos para reimportarlos...[39m[0m
[  17% ] [90m[1mreimport[22m | Preparando archivos para reimportarlos...[39m[0m
[  17% ] [90m[1mreimport[22m | Preparando archivos para reimportarlos...[39m[0m
[  17% ] [90m[1mreimport[22m | Preparando archivos para reimportarlos...[39m[0m
[  17% ] [90m[1mreimport[22m | Preparando archivos para reimportarlos...[39m[0m
[  17% ] [90m[1mreimport[22m | Preparando archivos para reimportarlos...[39m[0m
[  17% ] [90m[1mreimport[22m | Preparando archivos para reimportarlos...[39m[0m
[  17% ] [90m[1mreimport[22m | Preparando archivos para reimportarlos...[39m[0m
[  17% ] [90m[1mreimport[22m | Preparando archivos para reimportarlos...[39m[0m
[  17% ] [90m[1mreimport[22m | Preparando archivos para reimportarlos...[39m[0m
[  17% ] [90m[1mreimport[22m | Preparando archivos para reimportarlos...[39m[0m
[  18% ] [90m[1mreimport[22m | Preparando archivos para reimportarlos...[39m[0m
[  18% ] [90m[1mreimport[22m | Preparando archivos para reimportarlos...[39m[0m
[  18% ] [90m[1mreimport[22m | Preparando archivos para reimportarlos...[39m[0m
[  18% ] [90m[1mreimport[22m | Preparando archivos para reimportarlos...[39m[0m
[  18% ] [90m[1mreimport[22m | Preparando archivos para reimportarlos...[39m[0m
[  18% ] [90m[1mreimport[22m | Preparando archivos para reimportarlos...[39m[0m
[  18% ] [90m[1mreimport[22m | Preparando archivos para reimportarlos...[39m[0m
[  18% ] [90m[1mreimport[22m | Preparando archivos para reimportarlos...[39m[0m
[  18% ] [90m[1mreimport[22m | Preparando archivos para reimportarlos...[39m[0m
[  18% ] [90m[1mreimport[22m | Preparando archivos para reimportarlos...[39m[0m
[  18% ] [90m[1mreimport[22m | Preparando archivos para reimportarlos...[39m[0m
[  18% ] [90m[1mreimport[22m | Preparando archivos para reimportarlos...[39m[0m
[  19% ] [90m[1mreimport[22m | Preparando archivos para reimportarlos...[39m[0m
[  19% ] [90m[1mreimport[22m | Preparando archivos para reimportarlos...[39m[0m
[  19% ] [90m[1mreimport[22m | Preparando archivos para reimportarlos...[39m[0m
[  19% ] [90m[1mreimport[22m | Preparando archivos para reimportarlos...[39m[0m
[  19% ] [90m[1mreimport[22m | Preparando archivos para reimportarlos...[39m[0m
[  19% ] [90m[1mreimport[22m | Preparando archivos para reimportarlos...[39m[0m
[  19% ] [90m[1mreimport[22m | Preparando archivos para reimportarlos...[39m[0m
[  19% ] [90m[1mreimport[22m | Preparando archivos para reimportarlos...[39m[0m
[  19% ] [90m[1mreimport[22m | Preparando archivos para reimportarlos...[39m[0m
[  19% ] [90m[1mreimport[22m | Preparando archivos para reimportarlos...[39m[0m
[  19% ] [90m[1mreimport[22m | Preparando archivos para reimportarlos...[39m[0m
[  19% ] [90m[1mreimport[22m | Preparando archivos para reimportarlos...[39m[0m
[  19% ] [90m[1mreimport[22m | Preparando archivos para reimportarlos...[39m[0m
[  20% ] [90m[1mreimport[22m | Preparando archivos para reimportarlos...[39m[0m
[  20% ] [90m[1mreimport[22m | Preparando archivos para reimportarlos...[39m[0m
[  20% ] [90m[1mreimport[22m | Preparando archivos para reimportarlos...[39m[0m
[  20% ] [90m[1mreimport[22m | Preparando archivos para reimportarlos...[39m[0m
[  20% ] [90m[1mreimport[22m | Preparando archivos para reimportarlos...[39m[0m
[  20% ] [90m[1mreimport[22m | Preparando archivos para reimportarlos...[39m[0m
[  20% ] [90m[1mreimport[22m | Preparando archivos para reimportarlos...[39m[0m
[  20% ] [90m[1mreimport[22m | Preparando archivos para reimportarlos...[39m[0m
[  20% ] [90m[1mreimport[22m | Preparando archivos para reimportarlos...[39m[0m
[  20% ] [90m[1mreimport[22m | Preparando archivos para reimportarlos...[39m[0m
[  20% ] [90m[1mreimport[22m | Preparando archivos para reimportarlos...[39m[0m
[  20% ] [90m[1mreimport[22m | Preparando archivos para reimportarlos...[39m[0m
[  21% ] [90m[1mreimport[22m | Preparando archivos para reimportarlos...[39m[0m
[  21% ] [90m[1mreimport[22m | Preparando archivos para reimportarlos...[39m[0m
[  21% ] [90m[1mreimport[22m | Preparando archivos para reimportarlos...[39m[0m
[  21% ] [90m[1mreimport[22m | Preparando archivos para reimportarlos...[39m[0m
[  21% ] [90m[1mreimport[22m | Preparando archivos para reimportarlos...[39m[0m
[  21% ] [90m[1mreimport[22m | Preparando archivos para reimportarlos...[39m[0m
[  21% ] [90m[1mreimport[22m | Preparando archivos para reimportarlos...[39m[0m
[  21% ] [90m[1mreimport[22m | Preparando archivos para reimportarlos...[39m[0m
[  21% ] [90m[1mreimport[22m | Preparando archivos para reimportarlos...[39m[0m
[  21% ] [90m[1mreimport[22m | Preparando archivos para reimportarlos...[39m[0m
[  21% ] [90m[1mreimport[22m | Preparando archivos para reimportarlos...[39m[0m
[  21% ] [90m[1mreimport[22m | Preparando archivos para reimportarlos...[39m[0m
[  21% ] [90m[1mreimport[22m | Preparando archivos para reimportarlos...[39m[0m
[  22% ] [90m[1mreimport[22m | Preparando archivos para reimportarlos...[39m[0m
[  22% ] [90m[1mreimport[22m | Preparando archivos para reimportarlos...[39m[0m
[  22% ] [90m[1mreimport[22m | Preparando archivos para reimportarlos...[39m[0m
[  22% ] [90m[1mreimport[22m | Preparando archivos para reimportarlos...[39m[0m
[  22% ] [90m[1mreimport[22m | Preparando archivos para reimportarlos...[39m[0m
[  22% ] [90m[1mreimport[22m | Preparando archivos para reimportarlos...[39m[0m
[  22% ] [90m[1mreimport[22m | Preparando archivos para reimportarlos...[39m[0m
[  22% ] [90m[1mreimport[22m | Preparando archivos para reimportarlos...[39m[0m
[  22% ] [90m[1mreimport[22m | Preparando archivos para reimportarlos...[39m[0m
[  22% ] [90m[1mreimport[22m | Preparando archivos para reimportarlos...[39m[0m
[  22% ] [90m[1mreimport[22m | Preparando archivos para reimportarlos...[39m[0m
[  22% ] [90m[1mreimport[22m | Preparando archivos para reimportarlos...[39m[0m
[  22% ] [90m[1mreimport[22m | Preparando archivos para reimportarlos...[39m[0m
[  23% ] [90m[1mreimport[22m | Preparando archivos para reimportarlos...[39m[0m
[  23% ] [90m[1mreimport[22m | Preparando archivos para reimportarlos...[39m[0m
[  23% ] [90m[1mreimport[22m | Preparando archivos para reimportarlos...[39m[0m
[  23% ] [90m[1mreimport[22m | Preparando archivos para reimportarlos...[39m[0m
[  23% ] [90m[1mreimport[22m | Preparando archivos para reimportarlos...[39m[0m
[  23% ] [90m[1mreimport[22m | Preparando archivos para reimportarlos...[39m[0m
[  23% ] [90m[1mreimport[22m | Preparando archivos para reimportarlos...[39m[0m
[  23% ] [90m[1mreimport[22m | Preparando archivos para reimportarlos...[39m[0m
[  23% ] [90m[1mreimport[22m | Preparando archivos para reimportarlos...[39m[0m
[  23% ] [90m[1mreimport[22m | Preparando archivos para reimportarlos...[39m[0m
[  23% ] [90m[1mreimport[22m | Preparando archivos para reimportarlos...[39m[0m
[  23% ] [90m[1mreimport[22m | Preparando archivos para reimportarlos...[39m[0m
[  24% ] [90m[1mreimport[22m | Preparando archivos para reimportarlos...[39m[0m
[  24% ] [90m[1mreimport[22m | Preparando archivos para reimportarlos...[39m[0m
[  24% ] [90m[1mreimport[22m | Preparando archivos para reimportarlos...[39m[0m
[  24% ] [90m[1mreimport[22m | Preparando archivos para reimportarlos...[39m[0m
[  24% ] [90m[1mreimport[22m | Preparando archivos para reimportarlos...[39m[0m
[  24% ] [90m[1mreimport[22m | Preparando archivos para reimportarlos...[39m[0m
[  24% ] [90m[1mreimport[22m | Preparando archivos para reimportarlos...[39m[0m
[  24% ] [90m[1mreimport[22m | Preparando archivos para reimportarlos...[39m[0m
[  24% ] [90m[1mreimport[22m | Preparando archivos para reimportarlos...[39m[0m
[  24% ] [90m[1mreimport[22m | Preparando archivos para reimportarlos...[39m[0m
[  24% ] [90m[1mreimport[22m | Preparando archivos para reimportarlos...[39m[0m
[  24% ] [90m[1mreimport[22m | Preparando archivos para reimportarlos...[39m[0m
[  24% ] [90m[1mreimport[22m | Preparando archivos para reimportarlos...[39m[0m
[  25% ] [90m[1mreimport[22m | Preparando archivos para reimportarlos...[39m[0m
[  25% ] [90m[1mreimport[22m | Preparando archivos para reimportarlos...[39m[0m
[  25% ] [90m[1mreimport[22m | Preparando archivos para reimportarlos...[39m[0m
[  25% ] [90m[1mreimport[22m | Preparando archivos para reimportarlos...[39m[0m
[  25% ] [90m[1mreimport[22m | Preparando archivos para reimportarlos...[39m[0m
[  25% ] [90m[1mreimport[22m | Preparando archivos para reimportarlos...[39m[0m
[  25% ] [90m[1mreimport[22m | Preparando archivos para reimportarlos...[39m[0m
[  25% ] [90m[1mreimport[22m | Preparando archivos para reimportarlos...[39m[0m
[  25% ] [90m[1mreimport[22m | Preparando archivos para reimportarlos...[39m[0m
[  25% ] [90m[1mreimport[22m | Preparando archivos para reimportarlos...[39m[0m
[  25% ] [90m[1mreimport[22m | Preparando archivos para reimportarlos...[39m[0m
[  25% ] [90m[1mreimport[22m | Preparando archivos para reimportarlos...[39m[0m
[  26% ] [90m[1mreimport[22m | Preparando archivos para reimportarlos...[39m[0m
[  26% ] [90m[1mreimport[22m | Preparando archivos para reimportarlos...[39m[0m
[  26% ] [90m[1mreimport[22m | Preparando archivos para reimportarlos...[39m[0m
[  26% ] [90m[1mreimport[22m | Preparando archivos para reimportarlos...[39m[0m
[  26% ] [90m[1mreimport[22m | Preparando archivos para reimportarlos...[39m[0m
[  26% ] [90m[1mreimport[22m | Preparando archivos para reimportarlos...[39m[0m
[  26% ] [90m[1mreimport[22m | Preparando archivos para reimportarlos...[39m[0m
[  26% ] [90m[1mreimport[22m | Preparando archivos para reimportarlos...[39m[0m
[  26% ] [90m[1mreimport[22m | Preparando archivos para reimportarlos...[39m[0m
[  26% ] [90m[1mreimport[22m | Preparando archivos para reimportarlos...[39m[0m
[  26% ] [90m[1mreimport[22m | Preparando archivos para reimportarlos...[39m[0m
[  26% ] [90m[1mreimport[22m | Preparando archivos para reimportarlos...[39m[0m
[  26% ] [90m[1mreimport[22m | Preparando archivos para reimportarlos...[39m[0m
[  27% ] [90m[1mreimport[22m | Preparando archivos para reimportarlos...[39m[0m
[  27% ] [90m[1mreimport[22m | Preparando archivos para reimportarlos...[39m[0m
[  27% ] [90m[1mreimport[22m | Preparando archivos para reimportarlos...[39m[0m
[  27% ] [90m[1mreimport[22m | Preparando archivos para reimportarlos...[39m[0m
[  27% ] [90m[1mreimport[22m | Preparando archivos para reimportarlos...[39m[0m
[  27% ] [90m[1mreimport[22m | Preparando archivos para reimportarlos...[39m[0m
[  27% ] [90m[1mreimport[22m | Preparando archivos para reimportarlos...[39m[0m
[  27% ] [90m[1mreimport[22m | Preparando archivos para reimportarlos...[39m[0m
[  27% ] [90m[1mreimport[22m | Preparando archivos para reimportarlos...[39m[0m
[  27% ] [90m[1mreimport[22m | Preparando archivos para reimportarlos...[39m[0m
[  27% ] [90m[1mreimport[22m | Preparando archivos para reimportarlos...[39m[0m
[  27% ] [90m[1mreimport[22m | Preparando archivos para reimportarlos...[39m[0m
[  28% ] [90m[1mreimport[22m | Preparando archivos para reimportarlos...[39m[0m
[  28% ] [90m[1mreimport[22m | Preparando archivos para reimportarlos...[39m[0m
[  28% ] [90m[1mreimport[22m | Preparando archivos para reimportarlos...[39m[0m
[  28% ] [90m[1mreimport[22m | Preparando archivos para reimportarlos...[39m[0m
[  28% ] [90m[1mreimport[22m | Preparando archivos para reimportarlos...[39m[0m
[  28% ] [90m[1mreimport[22m | Preparando archivos para reimportarlos...[39m[0m
[  28% ] [90m[1mreimport[22m | Preparando archivos para reimportarlos...[39m[0m
[  28% ] [90m[1mreimport[22m | Preparando archivos para reimportarlos...[39m[0m
[  28% ] [90m[1mreimport[22m | Preparando archivos para reimportarlos...[39m[0m
[  28% ] [90m[1mreimport[22m | Preparando archivos para reimportarlos...[39m[0m
[  28% ] [90m[1mreimport[22m | Preparando archivos para reimportarlos...[39m[0m
[  28% ] [90m[1mreimport[22m | Preparando archivos para reimportarlos...[39m[0m
[  28% ] [90m[1mreimport[22m | Preparando archivos para reimportarlos...[39m[0m
[  29% ] [90m[1mreimport[22m | Preparando archivos para reimportarlos...[39m[0m
[  29% ] [90m[1mreimport[22m | Preparando archivos para reimportarlos...[39m[0m
[  29% ] [90m[1mreimport[22m | Preparando archivos para reimportarlos...[39m[0m
[  29% ] [90m[1mreimport[22m | Preparando archivos para reimportarlos...[39m[0m
[  29% ] [90m[1mreimport[22m | Preparando archivos para reimportarlos...[39m[0m
[  29% ] [90m[1mreimport[22m | Preparando archivos para reimportarlos...[39m[0m
[  29% ] [90m[1mreimport[22m | Preparando archivos para reimportarlos...[39m[0m
[  29% ] [90m[1mreimport[22m | Preparando archivos para reimportarlos...[39m[0m
[  29% ] [90m[1mreimport[22m | Preparando archivos para reimportarlos...[39m[0m
[  29% ] [90m[1mreimport[22m | Preparando archivos para reimportarlos...[39m[0m
[  29% ] [90m[1mreimport[22m | Preparando archivos para reimportarlos...[39m[0m
[  29% ] [90m[1mreimport[22m | Preparando archivos para reimportarlos...[39m[0m
[  29% ] [90m[1mreimport[22m | Preparando archivos para reimportarlos...[39m[0m
[  30% ] [90m[1mreimport[22m | Preparando archivos para reimportarlos...[39m[0m
[  30% ] [90m[1mreimport[22m | Preparando archivos para reimportarlos...[39m[0m
[  30% ] [90m[1mreimport[22m | Preparando archivos para reimportarlos...[39m[0m
[  30% ] [90m[1mreimport[22m | Preparando archivos para reimportarlos...[39m[0m
[  30% ] [90m[1mreimport[22m | Preparando archivos para reimportarlos...[39m[0m
[  30% ] [90m[1mreimport[22m | Preparando archivos para reimportarlos...[39m[0m
[  30% ] [90m[1mreimport[22m | Preparando archivos para reimportarlos...[39m[0m
[  30% ] [90m[1mreimport[22m | Preparando archivos para reimportarlos...[39m[0m
[  30% ] [90m[1mreimport[22m | Preparando archivos para reimportarlos...[39m[0m
[  30% ] [90m[1mreimport[22m | Preparando archivos para reimportarlos...[39m[0m
[  30% ] [90m[1mreimport[22m | Preparando archivos para reimportarlos...[39m[0m
[  30% ] [90m[1mreimport[22m | Preparando archivos para reimportarlos...[39m[0m
[  31% ] [90m[1mreimport[22m | Preparando archivos para reimportarlos...[39m[0m
[  31% ] [90m[1mreimport[22m | Preparando archivos para reimportarlos...[39m[0m
[  31% ] [90m[1mreimport[22m | Preparando archivos para reimportarlos...[39m[0m
[  31% ] [90m[1mreimport[22m | Preparando archivos para reimportarlos...[39m[0m
[  31% ] [90m[1mreimport[22m | Preparando archivos para reimportarlos...[39m[0m
[  31% ] [90m[1mreimport[22m | Preparando archivos para reimportarlos...[39m[0m
[  31% ] [90m[1mreimport[22m | Preparando archivos para reimportarlos...[39m[0m
[  31% ] [90m[1mreimport[22m | Preparando archivos para reimportarlos...[39m[0m
[  31% ] [90m[1mreimport[22m | Preparando archivos para reimportarlos...[39m[0m
[  31% ] [90m[1mreimport[22m | Preparando archivos para reimportarlos...[39m[0m
[  31% ] [90m[1mreimport[22m | Preparando archivos para reimportarlos...[39m[0m
[  31% ] [90m[1mreimport[22m | Preparando archivos para reimportarlos...[39m[0m
[  31% ] [90m[1mreimport[22m | Preparando archivos para reimportarlos...[39m[0m
[  32% ] [90m[1mreimport[22m | Preparando archivos para reimportarlos...[39m[0m
[  32% ] [90m[1mreimport[22m | Preparando archivos para reimportarlos...[39m[0m
[  32% ] [90m[1mreimport[22m | Preparando archivos para reimportarlos...[39m[0m
[  32% ] [90m[1mreimport[22m | Preparando archivos para reimportarlos...[39m[0m
[  32% ] [90m[1mreimport[22m | Preparando archivos para reimportarlos...[39m[0m
[  32% ] [90m[1mreimport[22m | Preparando archivos para reimportarlos...[39m[0m
[  32% ] [90m[1mreimport[22m | Preparando archivos para reimportarlos...[39m[0m
[  32% ] [90m[1mreimport[22m | Preparando archivos para reimportarlos...[39m[0m
[  32% ] [90m[1mreimport[22m | Preparando archivos para reimportarlos...[39m[0m
[  32% ] [90m[1mreimport[22m | Preparando archivos para reimportarlos...[39m[0m
[  32% ] [90m[1mreimport[22m | Preparando archivos para reimportarlos...[39m[0m
[  32% ] [90m[1mreimport[22m | Preparando archivos para reimportarlos...[39m[0m
[  33% ] [90m[1mreimport[22m | Preparando archivos para reimportarlos...[39m[0m
[  33% ] [90m[1mreimport[22m | Preparando archivos para reimportarlos...[39m[0m
[  33% ] [90m[1mreimport[22m | Preparando archivos para reimportarlos...[39m[0m
[  33% ] [90m[1mreimport[22m | Preparando archivos para reimportarlos...[39m[0m
[  33% ] [90m[1mreimport[22m | Preparando archivos para reimportarlos...[39m[0m
[  33% ] [90m[1mreimport[22m | Preparando archivos para reimportarlos...[39m[0m
[  33% ] [90m[1mreimport[22m | Preparando archivos para reimportarlos...[39m[0m
[  33% ] [90m[1mreimport[22m | Preparando archivos para reimportarlos...[39m[0m
[  33% ] [90m[1mreimport[22m | Preparando archivos para reimportarlos...[39m[0m
[  33% ] [90m[1mreimport[22m | Preparando archivos para reimportarlos...[39m[0m
[  33% ] [90m[1mreimport[22m | Preparando archivos para reimportarlos...[39m[0m
[  33% ] [90m[1mreimport[22m | Preparando archivos para reimportarlos...[39m[0m
[  33% ] [90m[1mreimport[22m | Preparando archivos para reimportarlos...[39m[0m
[  34% ] [90m[1mreimport[22m | Preparando archivos para reimportarlos...[39m[0m
[  34% ] [90m[1mreimport[22m | Preparando archivos para reimportarlos...[39m[0m
[  34% ] [90m[1mreimport[22m | Preparando archivos para reimportarlos...[39m[0m
[  34% ] [90m[1mreimport[22m | Preparando archivos para reimportarlos...[39m[0m
[  34% ] [90m[1mreimport[22m | Preparando archivos para reimportarlos...[39m[0m
[  34% ] [90m[1mreimport[22m | Preparando archivos para reimportarlos...[39m[0m
[  34% ] [90m[1mreimport[22m | Preparando archivos para reimportarlos...[39m[0m
[  34% ] [90m[1mreimport[22m | Preparando archivos para reimportarlos...[39m[0m
[  34% ] [90m[1mreimport[22m | Preparando archivos para reimportarlos...[39m[0m
[  34% ] [90m[1mreimport[22m | Preparando archivos para reimportarlos...[39m[0m
[  34% ] [90m[1mreimport[22m | Preparando archivos para reimportarlos...[39m[0m
[  34% ] [90m[1mreimport[22m | Preparando archivos para reimportarlos...[39m[0m
[  35% ] [90m[1mreimport[22m | Preparando archivos para reimportarlos...[39m[0m
[  35% ] [90m[1mreimport[22m | Preparando archivos para reimportarlos...[39m[0m
[  35% ] [90m[1mreimport[22m | Preparando archivos para reimportarlos...[39m[0m
[  35% ] [90m[1mreimport[22m | Preparando archivos para reimportarlos...[39m[0m
[  35% ] [90m[1mreimport[22m | Preparando archivos para reimportarlos...[39m[0m
[  35% ] [90m[1mreimport[22m | Preparando archivos para reimportarlos...[39m[0m
[  35% ] [90m[1mreimport[22m | Preparando archivos para reimportarlos...[39m[0m
[  35% ] [90m[1mreimport[22m | Preparando archivos para reimportarlos...[39m[0m
[  35% ] [90m[1mreimport[22m | Preparando archivos para reimportarlos...[39m[0m
[  35% ] [90m[1mreimport[22m | Preparando archivos para reimportarlos...[39m[0m
[  35% ] [90m[1mreimport[22m | Preparando archivos para reimportarlos...[39m[0m
[  35% ] [90m[1mreimport[22m | Preparando archivos para reimportarlos...[39m[0m
[  35% ] [90m[1mreimport[22m | Preparando archivos para reimportarlos...[39m[0m
[  36% ] [90m[1mreimport[22m | Preparando archivos para reimportarlos...[39m[0m
[  36% ] [90m[1mreimport[22m | Preparando archivos para reimportarlos...[39m[0m
[  36% ] [90m[1mreimport[22m | Preparando archivos para reimportarlos...[39m[0m
[  36% ] [90m[1mreimport[22m | Preparando archivos para reimportarlos...[39m[0m
[  36% ] [90m[1mreimport[22m | Preparando archivos para reimportarlos...[39m[0m
[  36% ] [90m[1mreimport[22m | Preparando archivos para reimportarlos...[39m[0m
[  36% ] [90m[1mreimport[22m | Preparando archivos para reimportarlos...[39m[0m
[  36% ] [90m[1mreimport[22m | Preparando archivos para reimportarlos...[39m[0m
[  36% ] [90m[1mreimport[22m | Preparando archivos para reimportarlos...[39m[0m
[  36% ] [90m[1mreimport[22m | Preparando archivos para reimportarlos...[39m[0m
[  36% ] [90m[1mreimport[22m | Preparando archivos para reimportarlos...[39m[0m
[  36% ] [90m[1mreimport[22m | Preparando archivos para reimportarlos...[39m[0m
[  36% ] [90m[1mreimport[22m | Preparando archivos para reimportarlos...[39m[0m
[  37% ] [90m[1mreimport[22m | Preparando archivos para reimportarlos...[39m[0m
[  37% ] [90m[1mreimport[22m | Preparando archivos para reimportarlos...[39m[0m
[  37% ] [90m[1mreimport[22m | Preparando archivos para reimportarlos...[39m[0m
[  37% ] [90m[1mreimport[22m | Preparando archivos para reimportarlos...[39m[0m
[  37% ] [90m[1mreimport[22m | Preparando archivos para reimportarlos...[39m[0m
[  37% ] [90m[1mreimport[22m | Preparando archivos para reimportarlos...[39m[0m
[  37% ] [90m[1mreimport[22m | Preparando archivos para reimportarlos...[39m[0m
[  37% ] [90m[1mreimport[22m | Preparando archivos para reimportarlos...[39m[0m
[  37% ] [90m[1mreimport[22m | Preparando archivos para reimportarlos...[39m[0m
[  37% ] [90m[1mreimport[22m | Preparando archivos para reimportarlos...[39m[0m
[  37% ] [90m[1mreimport[22m | Preparando archivos para reimportarlos...[39m[0m
[  37% ] [90m[1mreimport[22m | Preparando archivos para reimportarlos...[39m[0m
[  38% ] [90m[1mreimport[22m | Preparando archivos para reimportarlos...[39m[0m
[  38% ] [90m[1mreimport[22m | Preparando archivos para reimportarlos...[39m[0m
[  38% ] [90m[1mreimport[22m | Preparando archivos para reimportarlos...[39m[0m
[  38% ] [90m[1mreimport[22m | Preparando archivos para reimportarlos...[39m[0m
[  38% ] [90m[1mreimport[22m | Preparando archivos para reimportarlos...[39m[0m
[  38% ] [90m[1mreimport[22m | Preparando archivos para reimportarlos...[39m[0m
[  38% ] [90m[1mreimport[22m | Preparando archivos para reimportarlos...[39m[0m
[  38% ] [90m[1mreimport[22m | Preparando archivos para reimportarlos...[39m[0m
[  38% ] [90m[1mreimport[22m | Preparando archivos para reimportarlos...[39m[0m
[  38% ] [90m[1mreimport[22m | Preparando archivos para reimportarlos...[39m[0m
[  38% ] [90m[1mreimport[22m | Preparando archivos para reimportarlos...[39m[0m
[  38% ] [90m[1mreimport[22m | Preparando archivos para reimportarlos...[39m[0m
[  38% ] [90m[1mreimport[22m | Preparando archivos para reimportarlos...[39m[0m
[  39% ] [90m[1mreimport[22m | Preparando archivos para reimportarlos...[39m[0m
[  39% ] [90m[1mreimport[22m | Preparando archivos para reimportarlos...[39m[0m
[  39% ] [90m[1mreimport[22m | Preparando archivos para reimportarlos...[39m[0m
[  39% ] [90m[1mreimport[22m | Preparando archivos para reimportarlos...[39m[0m
[  39% ] [90m[1mreimport[22m | Preparando archivos para reimportarlos...[39m[0m
[  39% ] [90m[1mreimport[22m | Preparando archivos para reimportarlos...[39m[0m
[  39% ] [90m[1mreimport[22m | Preparando archivos para reimportarlos...[39m[0m
[  39% ] [90m[1mreimport[22m | Preparando archivos para reimportarlos...[39m[0m
[  39% ] [90m[1mreimport[22m | Preparando archivos para reimportarlos...[39m[0m
[  39% ] [90m[1mreimport[22m | Preparando archivos para reimportarlos...[39m[0m
[  39% ] [90m[1mreimport[22m | Preparando archivos para reimportarlos...[39m[0m
[  39% ] [90m[1mreimport[22m | Preparando archivos para reimportarlos...[39m[0m
[  40% ] [90m[1mreimport[22m | Preparando archivos para reimportarlos...[39m[0m
[  40% ] [90m[1mreimport[22m | Preparando archivos para reimportarlos...[39m[0m
[  40% ] [90m[1mreimport[22m | Preparando archivos para reimportarlos...[39m[0m
[  40% ] [90m[1mreimport[22m | Preparando archivos para reimportarlos...[39m[0m
[  40% ] [90m[1mreimport[22m | Preparando archivos para reimportarlos...[39m[0m
[  40% ] [90m[1mreimport[22m | Preparando archivos para reimportarlos...[39m[0m
[  40% ] [90m[1mreimport[22m | Preparando archivos para reimportarlos...[39m[0m
[  40% ] [90m[1mreimport[22m | Preparando archivos para reimportarlos...[39m[0m
[  40% ] [90m[1mreimport[22m | Preparando archivos para reimportarlos...[39m[0m
[  40% ] [90m[1mreimport[22m | Preparando archivos para reimportarlos...[39m[0m
[  40% ] [90m[1mreimport[22m | Preparando archivos para reimportarlos...[39m[0m
[  40% ] [90m[1mreimport[22m | Preparando archivos para reimportarlos...[39m[0m
[  40% ] [90m[1mreimport[22m | Preparando archivos para reimportarlos...[39m[0m
[  41% ] [90m[1mreimport[22m | Preparando archivos para reimportarlos...[39m[0m
[  41% ] [90m[1mreimport[22m | Preparando archivos para reimportarlos...[39m[0m
[  41% ] [90m[1mreimport[22m | Preparando archivos para reimportarlos...[39m[0m
[  41% ] [90m[1mreimport[22m | Preparando archivos para reimportarlos...[39m[0m
[  41% ] [90m[1mreimport[22m | Preparando archivos para reimportarlos...[39m[0m
[  41% ] [90m[1mreimport[22m | Preparando archivos para reimportarlos...[39m[0m
[  41% ] [90m[1mreimport[22m | Preparando archivos para reimportarlos...[39m[0m
[  41% ] [90m[1mreimport[22m | Preparando archivos para reimportarlos...[39m[0m
[  41% ] [90m[1mreimport[22m | Preparando archivos para reimportarlos...[39m[0m
[  41% ] [90m[1mreimport[22m | Preparando archivos para reimportarlos...[39m[0m
[  41% ] [90m[1mreimport[22m | Preparando archivos para reimportarlos...[39m[0m
[  41% ] [90m[1mreimport[22m | Preparando archivos para reimportarlos...[39m[0m
[  42% ] [90m[1mreimport[22m | Preparando archivos para reimportarlos...[39m[0m
[  42% ] [90m[1mreimport[22m | Preparando archivos para reimportarlos...[39m[0m
[  42% ] [90m[1mreimport[22m | Preparando archivos para reimportarlos...[39m[0m
[  42% ] [90m[1mreimport[22m | Preparando archivos para reimportarlos...[39m[0m
[  42% ] [90m[1mreimport[22m | Preparando archivos para reimportarlos...[39m[0m
[  42% ] [90m[1mreimport[22m | Preparando archivos para reimportarlos...[39m[0m
[  42% ] [90m[1mreimport[22m | Preparando archivos para reimportarlos...[39m[0m
[  42% ] [90m[1mreimport[22m | Preparando archivos para reimportarlos...[39m[0m
[  42% ] [90m[1mreimport[22m | Preparando archivos para reimportarlos...[39m[0m
[  42% ] [90m[1mreimport[22m | Preparando archivos para reimportarlos...[39m[0m
[  42% ] [90m[1mreimport[22m | Preparando archivos para reimportarlos...[39m[0m
[  42% ] [90m[1mreimport[22m | Preparando archivos para reimportarlos...[39m[0m
[  42% ] [90m[1mreimport[22m | Preparando archivos para reimportarlos...[39m[0m
[  43% ] [90m[1mreimport[22m | Preparando archivos para reimportarlos...[39m[0m
[  43% ] [90m[1mreimport[22m | Preparando archivos para reimportarlos...[39m[0m
[  43% ] [90m[1mreimport[22m | Preparando archivos para reimportarlos...[39m[0m
[  43% ] [90m[1mreimport[22m | Preparando archivos para reimportarlos...[39m[0m
[  43% ] [90m[1mreimport[22m | Preparando archivos para reimportarlos...[39m[0m
[  43% ] [90m[1mreimport[22m | Preparando archivos para reimportarlos...[39m[0m
[  43% ] [90m[1mreimport[22m | Preparando archivos para reimportarlos...[39m[0m
[  43% ] [90m[1mreimport[22m | Preparando archivos para reimportarlos...[39m[0m
[  43% ] [90m[1mreimport[22m | Preparando archivos para reimportarlos...[39m[0m
[  43% ] [90m[1mreimport[22m | Preparando archivos para reimportarlos...[39m[0m
[  43% ] [90m[1mreimport[22m | Preparando archivos para reimportarlos...[39m[0m
[  43% ] [90m[1mreimport[22m | Preparando archivos para reimportarlos...[39m[0m
[  43% ] [90m[1mreimport[22m | Preparando archivos para reimportarlos...[39m[0m
[  44% ] [90m[1mreimport[22m | Preparando archivos para reimportarlos...[39m[0m
[  44% ] [90m[1mreimport[22m | Preparando archivos para reimportarlos...[39m[0m
[  44% ] [90m[1mreimport[22m | Preparando archivos para reimportarlos...[39m[0m
[  44% ] [90m[1mreimport[22m | Preparando archivos para reimportarlos...[39m[0m
[  44% ] [90m[1mreimport[22m | Preparando archivos para reimportarlos...[39m[0m
[  44% ] [90m[1mreimport[22m | Preparando archivos para reimportarlos...[39m[0m
[  44% ] [90m[1mreimport[22m | Preparando archivos para reimportarlos...[39m[0m
[  44% ] [90m[1mreimport[22m | Preparando archivos para reimportarlos...[39m[0m
[  44% ] [90m[1mreimport[22m | Preparando archivos para reimportarlos...[39m[0m
[  44% ] [90m[1mreimport[22m | Preparando archivos para reimportarlos...[39m[0m
[  44% ] [90m[1mreimport[22m | Preparando archivos para reimportarlos...[39m[0m
[  44% ] [90m[1mreimport[22m | Preparando archivos para reimportarlos...[39m[0m
[  45% ] [90m[1mreimport[22m | Preparando archivos para reimportarlos...[39m[0m
[  45% ] [90m[1mreimport[22m | Preparando archivos para reimportarlos...[39m[0m
[  45% ] [90m[1mreimport[22m | Preparando archivos para reimportarlos...[39m[0m
[  45% ] [90m[1mreimport[22m | Preparando archivos para reimportarlos...[39m[0m
[  45% ] [90m[1mreimport[22m | Preparando archivos para reimportarlos...[39m[0m
[  45% ] [90m[1mreimport[22m | Preparando archivos para reimportarlos...[39m[0m
[  45% ] [90m[1mreimport[22m | Preparando archivos para reimportarlos...[39m[0m
[  45% ] [90m[1mreimport[22m | Preparando archivos para reimportarlos...[39m[0m
[  45% ] [90m[1mreimport[22m | Preparando archivos para reimportarlos...[39m[0m
[  45% ] [90m[1mreimport[22m | Preparando archivos para reimportarlos...[39m[0m
[  45% ] [90m[1mreimport[22m | Preparando archivos para reimportarlos...[39m[0m
[  45% ] [90m[1mreimport[22m | Preparando archivos para reimportarlos...[39m[0m
[  45% ] [90m[1mreimport[22m | Preparando archivos para reimportarlos...[39m[0m
[  46% ] [90m[1mreimport[22m | Preparando archivos para reimportarlos...[39m[0m
[  46% ] [90m[1mreimport[22m | Preparando archivos para reimportarlos...[39m[0m
[  46% ] [90m[1mreimport[22m | Preparando archivos para reimportarlos...[39m[0m
[  46% ] [90m[1mreimport[22m | Preparando archivos para reimportarlos...[39m[0m
[  46% ] [90m[1mreimport[22m | Preparando archivos para reimportarlos...[39m[0m
[  46% ] [90m[1mreimport[22m | Preparando archivos para reimportarlos...[39m[0m
[  46% ] [90m[1mreimport[22m | Preparando archivos para reimportarlos...[39m[0m
[  46% ] [90m[1mreimport[22m | Preparando archivos para reimportarlos...[39m[0m
[  46% ] [90m[1mreimport[22m | Preparando archivos para reimportarlos...[39m[0m
[  46% ] [90m[1mreimport[22m | Preparando archivos para reimportarlos...[39m[0m
[  46% ] [90m[1mreimport[22m | Preparando archivos para reimportarlos...[39m[0m
[  46% ] [90m[1mreimport[22m | Preparando archivos para reimportarlos...[39m[0m
[  47% ] [90m[1mreimport[22m | Preparando archivos para reimportarlos...[39m[0m
[  47% ] [90m[1mreimport[22m | Preparando archivos para reimportarlos...[39m[0m
[  47% ] [90m[1mreimport[22m | Preparando archivos para reimportarlos...[39m[0m
[  47% ] [90m[1mreimport[22m | Preparando archivos para reimportarlos...[39m[0m
[  47% ] [90m[1mreimport[22m | Preparando archivos para reimportarlos...[39m[0m
[  47% ] [90m[1mreimport[22m | Preparando archivos para reimportarlos...[39m[0m
[  47% ] [90m[1mreimport[22m | Preparando archivos para reimportarlos...[39m[0m
[  47% ] [90m[1mreimport[22m | Preparando archivos para reimportarlos...[39m[0m
[  47% ] [90m[1mreimport[22m | Preparando archivos para reimportarlos...[39m[0m
[  47% ] [90m[1mreimport[22m | Preparando archivos para reimportarlos...[39m[0m
[  47% ] [90m[1mreimport[22m | Preparando archivos para reimportarlos...[39m[0m
[  47% ] [90m[1mreimport[22m | Preparando archivos para reimportarlos...[39m[0m
[  47% ] [90m[1mreimport[22m | Preparando archivos para reimportarlos...[39m[0m
[  48% ] [90m[1mreimport[22m | Preparando archivos para reimportarlos...[39m[0m
[  48% ] [90m[1mreimport[22m | Preparando archivos para reimportarlos...[39m[0m
[  48% ] [90m[1mreimport[22m | Preparando archivos para reimportarlos...[39m[0m
[  48% ] [90m[1mreimport[22m | Preparando archivos para reimportarlos...[39m[0m
[  48% ] [90m[1mreimport[22m | Preparando archivos para reimportarlos...[39m[0m
[  48% ] [90m[1mreimport[22m | Preparando archivos para reimportarlos...[39m[0m
[  48% ] [90m[1mreimport[22m | Preparando archivos para reimportarlos...[39m[0m
[  48% ] [90m[1mreimport[22m | Preparando archivos para reimportarlos...[39m[0m
[  48% ] [90m[1mreimport[22m | Preparando archivos para reimportarlos...[39m[0m
[  48% ] [90m[1mreimport[22m | Preparando archivos para reimportarlos...[39m[0m
[  48% ] [90m[1mreimport[22m | Preparando archivos para reimportarlos...[39m[0m
[  48% ] [90m[1mreimport[22m | Preparando archivos para reimportarlos...[39m[0m
[  49% ] [90m[1mreimport[22m | Preparando archivos para reimportarlos...[39m[0m
[  49% ] [90m[1mreimport[22m | Preparando archivos para reimportarlos...[39m[0m
[  49% ] [90m[1mreimport[22m | Preparando archivos para reimportarlos...[39m[0m
[  49% ] [90m[1mreimport[22m | Preparando archivos para reimportarlos...[39m[0m
[  49% ] [90m[1mreimport[22m | Preparando archivos para reimportarlos...[39m[0m
[  49% ] [90m[1mreimport[22m | Preparando archivos para reimportarlos...[39m[0m
[  49% ] [90m[1mreimport[22m | Preparando archivos para reimportarlos...[39m[0m
[  49% ] [90m[1mreimport[22m | Preparando archivos para reimportarlos...[39m[0m
[  49% ] [90m[1mreimport[22m | Preparando archivos para reimportarlos...[39m[0m
[  49% ] [90m[1mreimport[22m | Preparando archivos para reimportarlos...[39m[0m
[  49% ] [90m[1mreimport[22m | Preparando archivos para reimportarlos...[39m[0m
[  49% ] [90m[1mreimport[22m | Preparando archivos para reimportarlos...[39m[0m
[  49% ] [90m[1mreimport[22m | Preparando archivos para reimportarlos...[39m[0m
[  50% ] [90m[1mreimport[22m | Preparando archivos para reimportarlos...[39m[0m
[  50% ] [90m[1mreimport[22m | Preparando archivos para reimportarlos...[39m[0m
[  50% ] [90m[1mreimport[22m | Preparando archivos para reimportarlos...[39m[0m
[  50% ] [90m[1mreimport[22m | Preparando archivos para reimportarlos...[39m[0m
[  50% ] [90m[1mreimport[22m | Preparando archivos para reimportarlos...[39m[0m
[  50% ] [90m[1mreimport[22m | Preparando archivos para reimportarlos...[39m[0m
[  50% ] [90m[1mreimport[22m | Preparando archivos para reimportarlos...[39m[0m
[  50% ] [90m[1mreimport[22m | Preparando archivos para reimportarlos...[39m[0m
[  50% ] [90m[1mreimport[22m | Preparando archivos para reimportarlos...[39m[0m
[  50% ] [90m[1mreimport[22m | Preparando archivos para reimportarlos...[39m[0m
[  50% ] [90m[1mreimport[22m | Preparando archivos para reimportarlos...[39m[0m
[  50% ] [90m[1mreimport[22m | Preparando archivos para reimportarlos...[39m[0m
[  50% ] [90m[1mreimport[22m | Preparando archivos para reimportarlos...[39m[0m
[  51% ] [90m[1mreimport[22m | Preparando archivos para reimportarlos...[39m[0m
[  51% ] [90m[1mreimport[22m | Preparando archivos para reimportarlos...[39m[0m
[  51% ] [90m[1mreimport[22m | Preparando archivos para reimportarlos...[39m[0m
[  51% ] [90m[1mreimport[22m | Preparando archivos para reimportarlos...[39m[0m
[  51% ] [90m[1mreimport[22m | Preparando archivos para reimportarlos...[39m[0m
[  51% ] [90m[1mreimport[22m | Preparando archivos para reimportarlos...[39m[0m
[  51% ] [90m[1mreimport[22m | Preparando archivos para reimportarlos...[39m[0m
[  51% ] [90m[1mreimport[22m | Preparando archivos para reimportarlos...[39m[0m
[  51% ] [90m[1mreimport[22m | Preparando archivos para reimportarlos...[39m[0m
[  51% ] [90m[1mreimport[22m | Preparando archivos para reimportarlos...[39m[0m
[  51% ] [90m[1mreimport[22m | Preparando archivos para reimportarlos...[39m[0m
[  51% ] [90m[1mreimport[22m | Preparando archivos para reimportarlos...[39m[0m
[  52% ] [90m[1mreimport[22m | Preparando archivos para reimportarlos...[39m[0m
[  52% ] [90m[1mreimport[22m | Preparando archivos para reimportarlos...[39m[0m
[  52% ] [90m[1mreimport[22m | Preparando archivos para reimportarlos...[39m[0m
[  52% ] [90m[1mreimport[22m | Preparando archivos para reimportarlos...[39m[0m
[  52% ] [90m[1mreimport[22m | Preparando archivos para reimportarlos...[39m[0m
[  52% ] [90m[1mreimport[22m | Preparando archivos para reimportarlos...[39m[0m
[  52% ] [90m[1mreimport[22m | Preparando archivos para reimportarlos...[39m[0m
[  52% ] [90m[1mreimport[22m | Preparando archivos para reimportarlos...[39m[0m
[  52% ] [90m[1mreimport[22m | Preparando archivos para reimportarlos...[39m[0m
[  52% ] [90m[1mreimport[22m | Preparando archivos para reimportarlos...[39m[0m
[  52% ] [90m[1mreimport[22m | Preparando archivos para reimportarlos...[39m[0m
[  52% ] [90m[1mreimport[22m | Preparando archivos para reimportarlos...[39m[0m
[  52% ] [90m[1mreimport[22m | Preparando archivos para reimportarlos...[39m[0m
[  53% ] [90m[1mreimport[22m | Preparando archivos para reimportarlos...[39m[0m
[  53% ] [90m[1mreimport[22m | Preparando archivos para reimportarlos...[39m[0m
[  53% ] [90m[1mreimport[22m | Preparando archivos para reimportarlos...[39m[0m
[  53% ] [90m[1mreimport[22m | Preparando archivos para reimportarlos...[39m[0m
[  53% ] [90m[1mreimport[22m | Preparando archivos para reimportarlos...[39m[0m
[  53% ] [90m[1mreimport[22m | Preparando archivos para reimportarlos...[39m[0m
[  53% ] [90m[1mreimport[22m | Preparando archivos para reimportarlos...[39m[0m
[  53% ] [90m[1mreimport[22m | Preparando archivos para reimportarlos...[39m[0m
[  53% ] [90m[1mreimport[22m | Preparando archivos para reimportarlos...[39m[0m
[  53% ] [90m[1mreimport[22m | Preparando archivos para reimportarlos...[39m[0m
[  53% ] [90m[1mreimport[22m | Preparando archivos para reimportarlos...[39m[0m
[  53% ] [90m[1mreimport[22m | Preparando archivos para reimportarlos...[39m[0m
[  54% ] [90m[1mreimport[22m | Preparando archivos para reimportarlos...[39m[0m
[  54% ] [90m[1mreimport[22m | Preparando archivos para reimportarlos...[39m[0m
[  54% ] [90m[1mreimport[22m | Preparando archivos para reimportarlos...[39m[0m
[  54% ] [90m[1mreimport[22m | Preparando archivos para reimportarlos...[39m[0m
[  54% ] [90m[1mreimport[22m | Preparando archivos para reimportarlos...[39m[0m
[  54% ] [90m[1mreimport[22m | Preparando archivos para reimportarlos...[39m[0m
[  54% ] [90m[1mreimport[22m | Preparando archivos para reimportarlos...[39m[0m
[  54% ] [90m[1mreimport[22m | Preparando archivos para reimportarlos...[39m[0m
[  54% ] [90m[1mreimport[22m | Preparando archivos para reimportarlos...[39m[0m
[  54% ] [90m[1mreimport[22m | Preparando archivos para reimportarlos...[39m[0m
[  54% ] [90m[1mreimport[22m | Preparando archivos para reimportarlos...[39m[0m
[  54% ] [90m[1mreimport[22m | Preparando archivos para reimportarlos...[39m[0m
[  54% ] [90m[1mreimport[22m | Preparando archivos para reimportarlos...[39m[0m
[  55% ] [90m[1mreimport[22m | Preparando archivos para reimportarlos...[39m[0m
[  55% ] [90m[1mreimport[22m | Preparando archivos para reimportarlos...[39m[0m
[  55% ] [90m[1mreimport[22m | Preparando archivos para reimportarlos...[39m[0m
[  55% ] [90m[1mreimport[22m | Preparando archivos para reimportarlos...[39m[0m
[  55% ] [90m[1mreimport[22m | Preparando archivos para reimportarlos...[39m[0m
[  55% ] [90m[1mreimport[22m | Preparando archivos para reimportarlos...[39m[0m
[  55% ] [90m[1mreimport[22m | Preparando archivos para reimportarlos...[39m[0m
[  55% ] [90m[1mreimport[22m | Preparando archivos para reimportarlos...[39m[0m
[  55% ] [90m[1mreimport[22m | Preparando archivos para reimportarlos...[39m[0m
[  55% ] [90m[1mreimport[22m | Preparando archivos para reimportarlos...[39m[0m
[  55% ] [90m[1mreimport[22m | Preparando archivos para reimportarlos...[39m[0m
[  55% ] [90m[1mreimport[22m | Preparando archivos para reimportarlos...[39m[0m
[  56% ] [90m[1mreimport[22m | Preparando archivos para reimportarlos...[39m[0m
[  56% ] [90m[1mreimport[22m | Preparando archivos para reimportarlos...[39m[0m
[  56% ] [90m[1mreimport[22m | Preparando archivos para reimportarlos...[39m[0m
[  56% ] [90m[1mreimport[22m | Preparando archivos para reimportarlos...[39m[0m
[  56% ] [90m[1mreimport[22m | Preparando archivos para reimportarlos...[39m[0m
[  56% ] [90m[1mreimport[22m | Preparando archivos para reimportarlos...[39m[0m
[  56% ] [90m[1mreimport[22m | Preparando archivos para reimportarlos...[39m[0m
[  56% ] [90m[1mreimport[22m | Preparando archivos para reimportarlos...[39m[0m
[  56% ] [90m[1mreimport[22m | Preparando archivos para reimportarlos...[39m[0m
[  56% ] [90m[1mreimport[22m | Preparando archivos para reimportarlos...[39m[0m
[  56% ] [90m[1mreimport[22m | Preparando archivos para reimportarlos...[39m[0m
[  56% ] [90m[1mreimport[22m | Preparando archivos para reimportarlos...[39m[0m
[  56% ] [90m[1mreimport[22m | Preparando archivos para reimportarlos...[39m[0m
[  57% ] [90m[1mreimport[22m | Preparando archivos para reimportarlos...[39m[0m
[  57% ] [90m[1mreimport[22m | Preparando archivos para reimportarlos...[39m[0m
[  57% ] [90m[1mreimport[22m | Preparando archivos para reimportarlos...[39m[0m
[  57% ] [90m[1mreimport[22m | Preparando archivos para reimportarlos...[39m[0m
[  57% ] [90m[1mreimport[22m | Preparando archivos para reimportarlos...[39m[0m
[  57% ] [90m[1mreimport[22m | Preparando archivos para reimportarlos...[39m[0m
[  57% ] [90m[1mreimport[22m | Preparando archivos para reimportarlos...[39m[0m
[  57% ] [90m[1mreimport[22m | Preparando archivos para reimportarlos...[39m[0m
[  57% ] [90m[1mreimport[22m | Preparando archivos para reimportarlos...[39m[0m
[  57% ] [90m[1mreimport[22m | Preparando archivos para reimportarlos...[39m[0m
[  57% ] [90m[1mreimport[22m | Preparando archivos para reimportarlos...[39m[0m
[  57% ] [90m[1mreimport[22m | Preparando archivos para reimportarlos...[39m[0m
[  57% ] [90m[1mreimport[22m | Preparando archivos para reimportarlos...[39m[0m
[  58% ] [90m[1mreimport[22m | Preparando archivos para reimportarlos...[39m[0m
[  58% ] [90m[1mreimport[22m | Preparando archivos para reimportarlos...[39m[0m
[  58% ] [90m[1mreimport[22m | Preparando archivos para reimportarlos...[39m[0m
[  58% ] [90m[1mreimport[22m | Preparando archivos para reimportarlos...[39m[0m
[  58% ] [90m[1mreimport[22m | Preparando archivos para reimportarlos...[39m[0m
[  58% ] [90m[1mreimport[22m | Preparando archivos para reimportarlos...[39m[0m
[  58% ] [90m[1mreimport[22m | Preparando archivos para reimportarlos...[39m[0m
[  58% ] [90m[1mreimport[22m | Preparando archivos para reimportarlos...[39m[0m
[  58% ] [90m[1mreimport[22m | Preparando archivos para reimportarlos...[39m[0m
[  58% ] [90m[1mreimport[22m | Preparando archivos para reimportarlos...[39m[0m
[  58% ] [90m[1mreimport[22m | Preparando archivos para reimportarlos...[39m[0m
[  58% ] [90m[1mreimport[22m | Preparando archivos para reimportarlos...[39m[0m
[  59% ] [90m[1mreimport[22m | Preparando archivos para reimportarlos...[39m[0m
[  59% ] [90m[1mreimport[22m | Preparando archivos para reimportarlos...[39m[0m
[  59% ] [90m[1mreimport[22m | Preparando archivos para reimportarlos...[39m[0m
[  59% ] [90m[1mreimport[22m | Preparando archivos para reimportarlos...[39m[0m
[  59% ] [90m[1mreimport[22m | Preparando archivos para reimportarlos...[39m[0m
[  59% ] [90m[1mreimport[22m | Preparando archivos para reimportarlos...[39m[0m
[  59% ] [90m[1mreimport[22m | Preparando archivos para reimportarlos...[39m[0m
[  59% ] [90m[1mreimport[22m | Preparando archivos para reimportarlos...[39m[0m
[  59% ] [90m[1mreimport[22m | Preparando archivos para reimportarlos...[39m[0m
[  59% ] [90m[1mreimport[22m | Preparando archivos para reimportarlos...[39m[0m
[  59% ] [90m[1mreimport[22m | Preparando archivos para reimportarlos...[39m[0m
[  59% ] [90m[1mreimport[22m | Preparando archivos para reimportarlos...[39m[0m
[  59% ] [90m[1mreimport[22m | Preparando archivos para reimportarlos...[39m[0m
[  60% ] [90m[1mreimport[22m | Preparando archivos para reimportarlos...[39m[0m
[  60% ] [90m[1mreimport[22m | Preparando archivos para reimportarlos...[39m[0m
[  60% ] [90m[1mreimport[22m | Preparando archivos para reimportarlos...[39m[0m
[  60% ] [90m[1mreimport[22m | Preparando archivos para reimportarlos...[39m[0m
[  60% ] [90m[1mreimport[22m | Preparando archivos para reimportarlos...[39m[0m
[  60% ] [90m[1mreimport[22m | Preparando archivos para reimportarlos...[39m[0m
[  60% ] [90m[1mreimport[22m | Preparando archivos para reimportarlos...[39m[0m
[  60% ] [90m[1mreimport[22m | Preparando archivos para reimportarlos...[39m[0m
[  60% ] [90m[1mreimport[22m | Preparando archivos para reimportarlos...[39m[0m
[  60% ] [90m[1mreimport[22m | Preparando archivos para reimportarlos...[39m[0m
[  60% ] [90m[1mreimport[22m | Preparando archivos para reimportarlos...[39m[0m
[  60% ] [90m[1mreimport[22m | Preparando archivos para reimportarlos...[39m[0m
[  61% ] [90m[1mreimport[22m | Preparando archivos para reimportarlos...[39m[0m
[  61% ] [90m[1mreimport[22m | Preparando archivos para reimportarlos...[39m[0m
[  61% ] [90m[1mreimport[22m | Preparando archivos para reimportarlos...[39m[0m
[  61% ] [90m[1mreimport[22m | Preparando archivos para reimportarlos...[39m[0m
[  61% ] [90m[1mreimport[22m | Preparando archivos para reimportarlos...[39m[0m
[  61% ] [90m[1mreimport[22m | Preparando archivos para reimportarlos...[39m[0m
[  61% ] [90m[1mreimport[22m | Preparando archivos para reimportarlos...[39m[0m
[  61% ] [90m[1mreimport[22m | Preparando archivos para reimportarlos...[39m[0m
[  61% ] [90m[1mreimport[22m | Preparando archivos para reimportarlos...[39m[0m
[  61% ] [90m[1mreimport[22m | Preparando archivos para reimportarlos...[39m[0m
[  61% ] [90m[1mreimport[22m | Preparando archivos para reimportarlos...[39m[0m
[  61% ] [90m[1mreimport[22m | Preparando archivos para reimportarlos...[39m[0m
[  61% ] [90m[1mreimport[22m | Preparando archivos para reimportarlos...[39m[0m
[  62% ] [90m[1mreimport[22m | Preparando archivos para reimportarlos...[39m[0m
[  62% ] [90m[1mreimport[22m | Preparando archivos para reimportarlos...[39m[0m
[  62% ] [90m[1mreimport[22m | Preparando archivos para reimportarlos...[39m[0m
[  62% ] [90m[1mreimport[22m | Preparando archivos para reimportarlos...[39m[0m
[  62% ] [90m[1mreimport[22m | Preparando archivos para reimportarlos...[39m[0m
[  62% ] [90m[1mreimport[22m | Preparando archivos para reimportarlos...[39m[0m
[  62% ] [90m[1mreimport[22m | Preparando archivos para reimportarlos...[39m[0m
[  62% ] [90m[1mreimport[22m | Preparando archivos para reimportarlos...[39m[0m
[  62% ] [90m[1mreimport[22m | Preparando archivos para reimportarlos...[39m[0m
[  62% ] [90m[1mreimport[22m | Preparando archivos para reimportarlos...[39m[0m
[  62% ] [90m[1mreimport[22m | Preparando archivos para reimportarlos...[39m[0m
[  62% ] [90m[1mreimport[22m | Preparando archivos para reimportarlos...[39m[0m
[  63% ] [90m[1mreimport[22m | Preparando archivos para reimportarlos...[39m[0m
[  63% ] [90m[1mreimport[22m | Preparando archivos para reimportarlos...[39m[0m
[  63% ] [90m[1mreimport[22m | Preparando archivos para reimportarlos...[39m[0m
[  63% ] [90m[1mreimport[22m | Preparando archivos para reimportarlos...[39m[0m
[  63% ] [90m[1mreimport[22m | Preparando archivos para reimportarlos...[39m[0m
[  63% ] [90m[1mreimport[22m | Preparando archivos para reimportarlos...[39m[0m
[  63% ] [90m[1mreimport[22m | Preparando archivos para reimportarlos...[39m[0m
[  63% ] [90m[1mreimport[22m | Preparando archivos para reimportarlos...[39m[0m
[  63% ] [90m[1mreimport[22m | Preparando archivos para reimportarlos...[39m[0m
[  63% ] [90m[1mreimport[22m | Preparando archivos para reimportarlos...[39m[0m
[  63% ] [90m[1mreimport[22m | Preparando archivos para reimportarlos...[39m[0m
[  63% ] [90m[1mreimport[22m | Preparando archivos para reimportarlos...[39m[0m
[  63% ] [90m[1mreimport[22m | Preparando archivos para reimportarlos...[39m[0m
[  64% ] [90m[1mreimport[22m | Preparando archivos para reimportarlos...[39m[0m
[  64% ] [90m[1mreimport[22m | Preparando archivos para reimportarlos...[39m[0m
[  64% ] [90m[1mreimport[22m | Preparando archivos para reimportarlos...[39m[0m
[  64% ] [90m[1mreimport[22m | Preparando archivos para reimportarlos...[39m[0m
[  64% ] [90m[1mreimport[22m | Preparando archivos para reimportarlos...[39m[0m
[  64% ] [90m[1mreimport[22m | Preparando archivos para reimportarlos...[39m[0m
[  64% ] [90m[1mreimport[22m | Preparando archivos para reimportarlos...[39m[0m
[  64% ] [90m[1mreimport[22m | Preparando archivos para reimportarlos...[39m[0m
[  64% ] [90m[1mreimport[22m | Preparando archivos para reimportarlos...[39m[0m
[  64% ] [90m[1mreimport[22m | Preparando archivos para reimportarlos...[39m[0m
[  64% ] [90m[1mreimport[22m | Preparando archivos para reimportarlos...[39m[0m
[  64% ] [90m[1mreimport[22m | Preparando archivos para reimportarlos...[39m[0m
[  64% ] [90m[1mreimport[22m | Preparando archivos para reimportarlos...[39m[0m
[  65% ] [90m[1mreimport[22m | Preparando archivos para reimportarlos...[39m[0m
[  65% ] [90m[1mreimport[22m | Preparando archivos para reimportarlos...[39m[0m
[  65% ] [90m[1mreimport[22m | Preparando archivos para reimportarlos...[39m[0m
[  65% ] [90m[1mreimport[22m | Preparando archivos para reimportarlos...[39m[0m
[  65% ] [90m[1mreimport[22m | Preparando archivos para reimportarlos...[39m[0m
[  65% ] [90m[1mreimport[22m | Preparando archivos para reimportarlos...[39m[0m
[  65% ] [90m[1mreimport[22m | Preparando archivos para reimportarlos...[39m[0m
[  65% ] [90m[1mreimport[22m | Preparando archivos para reimportarlos...[39m[0m
[  65% ] [90m[1mreimport[22m | Preparando archivos para reimportarlos...[39m[0m
[  65% ] [90m[1mreimport[22m | Preparando archivos para reimportarlos...[39m[0m
[  65% ] [90m[1mreimport[22m | Preparando archivos para reimportarlos...[39m[0m
[  65% ] [90m[1mreimport[22m | Preparando archivos para reimportarlos...[39m[0m
[  66% ] [90m[1mreimport[22m | Preparando archivos para reimportarlos...[39m[0m
[  66% ] [90m[1mreimport[22m | Preparando archivos para reimportarlos...[39m[0m
[  66% ] [90m[1mreimport[22m | Preparando archivos para reimportarlos...[39m[0m
[  66% ] [90m[1mreimport[22m | Preparando archivos para reimportarlos...[39m[0m
[  66% ] [90m[1mreimport[22m | Preparando archivos para reimportarlos...[39m[0m
[  66% ] [90m[1mreimport[22m | Preparando archivos para reimportarlos...[39m[0m
[  66% ] [90m[1mreimport[22m | Preparando archivos para reimportarlos...[39m[0m
[  66% ] [90m[1mreimport[22m | Preparando archivos para reimportarlos...[39m[0m
[  66% ] [90m[1mreimport[22m | Preparando archivos para reimportarlos...[39m[0m
[  66% ] [90m[1mreimport[22m | Preparando archivos para reimportarlos...[39m[0m
[  66% ] [90m[1mreimport[22m | Preparando archivos para reimportarlos...[39m[0m
[  66% ] [90m[1mreimport[22m | Preparando archivos para reimportarlos...[39m[0m
[  66% ] [90m[1mreimport[22m | Preparando archivos para reimportarlos...[39m[0m
[  67% ] [90m[1mreimport[22m | Preparando archivos para reimportarlos...[39m[0m
[  67% ] [90m[1mreimport[22m | Preparando archivos para reimportarlos...[39m[0m
[  67% ] [90m[1mreimport[22m | Preparando archivos para reimportarlos...[39m[0m
[  67% ] [90m[1mreimport[22m | Preparando archivos para reimportarlos...[39m[0m
[  67% ] [90m[1mreimport[22m | Preparando archivos para reimportarlos...[39m[0m
[  67% ] [90m[1mreimport[22m | Preparando archivos para reimportarlos...[39m[0m
[  67% ] [90m[1mreimport[22m | Preparando archivos para reimportarlos...[39m[0m
[  67% ] [90m[1mreimport[22m | Preparando archivos para reimportarlos...[39m[0m
[  67% ] [90m[1mreimport[22m | Preparando archivos para reimportarlos...[39m[0m
[  67% ] [90m[1mreimport[22m | Preparando archivos para reimportarlos...[39m[0m
[  67% ] [90m[1mreimport[22m | Preparando archivos para reimportarlos...[39m[0m
[  67% ] [90m[1mreimport[22m | Preparando archivos para reimportarlos...[39m[0m
[  68% ] [90m[1mreimport[22m | Preparando archivos para reimportarlos...[39m[0m
[  68% ] [90m[1mreimport[22m | Preparando archivos para reimportarlos...[39m[0m
[  68% ] [90m[1mreimport[22m | Preparando archivos para reimportarlos...[39m[0m
[  68% ] [90m[1mreimport[22m | Preparando archivos para reimportarlos...[39m[0m
[  68% ] [90m[1mreimport[22m | Preparando archivos para reimportarlos...[39m[0m
[  68% ] [90m[1mreimport[22m | Preparando archivos para reimportarlos...[39m[0m
[  68% ] [90m[1mreimport[22m | Preparando archivos para reimportarlos...[39m[0m
[  68% ] [90m[1mreimport[22m | Preparando archivos para reimportarlos...[39m[0m
[  68% ] [90m[1mreimport[22m | Preparando archivos para reimportarlos...[39m[0m
[  68% ] [90m[1mreimport[22m | Preparando archivos para reimportarlos...[39m[0m
[  68% ] [90m[1mreimport[22m | Preparando archivos para reimportarlos...[39m[0m
[  68% ] [90m[1mreimport[22m | Preparando archivos para reimportarlos...[39m[0m
[  68% ] [90m[1mreimport[22m | Preparando archivos para reimportarlos...[39m[0m
[  69% ] [90m[1mreimport[22m | Preparando archivos para reimportarlos...[39m[0m
[  69% ] [90m[1mreimport[22m | Preparando archivos para reimportarlos...[39m[0m
[  69% ] [90m[1mreimport[22m | Preparando archivos para reimportarlos...[39m[0m
[  69% ] [90m[1mreimport[22m | Preparando archivos para reimportarlos...[39m[0m
[  69% ] [90m[1mreimport[22m | Preparando archivos para reimportarlos...[39m[0m
[  69% ] [90m[1mreimport[22m | Preparando archivos para reimportarlos...[39m[0m
[  69% ] [90m[1mreimport[22m | Preparando archivos para reimportarlos...[39m[0m
[  69% ] [90m[1mreimport[22m | Preparando archivos para reimportarlos...[39m[0m
[  69% ] [90m[1mreimport[22m | Preparando archivos para reimportarlos...[39m[0m
[  69% ] [90m[1mreimport[22m | Preparando archivos para reimportarlos...[39m[0m
[  69% ] [90m[1mreimport[22m | Preparando archivos para reimportarlos...[39m[0m
[  69% ] [90m[1mreimport[22m | Preparando archivos para reimportarlos...[39m[0m
[  70% ] [90m[1mreimport[22m | Preparando archivos para reimportarlos...[39m[0m
[  70% ] [90m[1mreimport[22m | Preparando archivos para reimportarlos...[39m[0m
[  70% ] [90m[1mreimport[22m | Preparando archivos para reimportarlos...[39m[0m
[  70% ] [90m[1mreimport[22m | Preparando archivos para reimportarlos...[39m[0m
[  70% ] [90m[1mreimport[22m | Preparando archivos para reimportarlos...[39m[0m
[  70% ] [90m[1mreimport[22m | Preparando archivos para reimportarlos...[39m[0m
[  70% ] [90m[1mreimport[22m | Preparando archivos para reimportarlos...[39m[0m
[  70% ] [90m[1mreimport[22m | Preparando archivos para reimportarlos...[39m[0m
[  70% ] [90m[1mreimport[22m | Preparando archivos para reimportarlos...[39m[0m
[  70% ] [90m[1mreimport[22m | Preparando archivos para reimportarlos...[39m[0m
[  70% ] [90m[1mreimport[22m | Preparando archivos para reimportarlos...[39m[0m
[  70% ] [90m[1mreimport[22m | Preparando archivos para reimportarlos...[39m[0m
[  70% ] [90m[1mreimport[22m | Preparando archivos para reimportarlos...[39m[0m
[  71% ] [90m[1mreimport[22m | Preparando archivos para reimportarlos...[39m[0m
[  71% ] [90m[1mreimport[22m | Preparando archivos para reimportarlos...[39m[0m
[  71% ] [90m[1mreimport[22m | Preparando archivos para reimportarlos...[39m[0m
[  71% ] [90m[1mreimport[22m | Preparando archivos para reimportarlos...[39m[0m
[  71% ] [90m[1mreimport[22m | Preparando archivos para reimportarlos...[39m[0m
[  71% ] [90m[1mreimport[22m | Preparando archivos para reimportarlos...[39m[0m
[  71% ] [90m[1mreimport[22m | Preparando archivos para reimportarlos...[39m[0m
[  71% ] [90m[1mreimport[22m | Preparando archivos para reimportarlos...[39m[0m
[  71% ] [90m[1mreimport[22m | Preparando archivos para reimportarlos...[39m[0m
[  71% ] [90m[1mreimport[22m | Preparando archivos para reimportarlos...[39m[0m
[  71% ] [90m[1mreimport[22m | Preparando archivos para reimportarlos...[39m[0m
[  71% ] [90m[1mreimport[22m | Preparando archivos para reimportarlos...[39m[0m
[  71% ] [90m[1mreimport[22m | Preparando archivos para reimportarlos...[39m[0m
[  72% ] [90m[1mreimport[22m | Preparando archivos para reimportarlos...[39m[0m
[  72% ] [90m[1mreimport[22m | Preparando archivos para reimportarlos...[39m[0m
[  72% ] [90m[1mreimport[22m | Preparando archivos para reimportarlos...[39m[0m
[  72% ] [90m[1mreimport[22m | Preparando archivos para reimportarlos...[39m[0m
[  72% ] [90m[1mreimport[22m | Preparando archivos para reimportarlos...[39m[0m
[  72% ] [90m[1mreimport[22m | Preparando archivos para reimportarlos...[39m[0m
[  72% ] [90m[1mreimport[22m | Preparando archivos para reimportarlos...[39m[0m
[  72% ] [90m[1mreimport[22m | Preparando archivos para reimportarlos...[39m[0m
[  72% ] [90m[1mreimport[22m | Preparando archivos para reimportarlos...[39m[0m
[  72% ] [90m[1mreimport[22m | Preparando archivos para reimportarlos...[39m[0m
[  72% ] [90m[1mreimport[22m | Preparando archivos para reimportarlos...[39m[0m
[  72% ] [90m[1mreimport[22m | Preparando archivos para reimportarlos...[39m[0m
[  73% ] [90m[1mreimport[22m | Preparando archivos para reimportarlos...[39m[0m
[  73% ] [90m[1mreimport[22m | Preparando archivos para reimportarlos...[39m[0m
[  73% ] [90m[1mreimport[22m | Preparando archivos para reimportarlos...[39m[0m
[  73% ] [90m[1mreimport[22m | Preparando archivos para reimportarlos...[39m[0m
[  73% ] [90m[1mreimport[22m | Preparando archivos para reimportarlos...[39m[0m
[  73% ] [90m[1mreimport[22m | Preparando archivos para reimportarlos...[39m[0m
[  73% ] [90m[1mreimport[22m | Preparando archivos para reimportarlos...[39m[0m
[  73% ] [90m[1mreimport[22m | Preparando archivos para reimportarlos...[39m[0m
[  73% ] [90m[1mreimport[22m | Preparando archivos para reimportarlos...[39m[0m
[  73% ] [90m[1mreimport[22m | Preparando archivos para reimportarlos...[39m[0m
[  73% ] [90m[1mreimport[22m | Preparando archivos para reimportarlos...[39m[0m
[  73% ] [90m[1mreimport[22m | Preparando archivos para reimportarlos...[39m[0m
[  73% ] [90m[1mreimport[22m | Preparando archivos para reimportarlos...[39m[0m
[  74% ] [90m[1mreimport[22m | Preparando archivos para reimportarlos...[39m[0m
[  74% ] [90m[1mreimport[22m | Preparando archivos para reimportarlos...[39m[0m
[  74% ] [90m[1mreimport[22m | Preparando archivos para reimportarlos...[39m[0m
[  74% ] [90m[1mreimport[22m | Preparando archivos para reimportarlos...[39m[0m
[  74% ] [90m[1mreimport[22m | Preparando archivos para reimportarlos...[39m[0m
[  74% ] [90m[1mreimport[22m | Preparando archivos para reimportarlos...[39m[0m
[  74% ] [90m[1mreimport[22m | Preparando archivos para reimportarlos...[39m[0m
[  74% ] [90m[1mreimport[22m | Preparando archivos para reimportarlos...[39m[0m
[  74% ] [90m[1mreimport[22m | Preparando archivos para reimportarlos...[39m[0m
[  74% ] [90m[1mreimport[22m | Preparando archivos para reimportarlos...[39m[0m
[  74% ] [90m[1mreimport[22m | Preparando archivos para reimportarlos...[39m[0m
[  74% ] [90m[1mreimport[22m | Preparando archivos para reimportarlos...[39m[0m
[  75% ] [90m[1mreimport[22m | Preparando archivos para reimportarlos...[39m[0m
[  75% ] [90m[1mreimport[22m | Preparando archivos para reimportarlos...[39m[0m
[  75% ] [90m[1mreimport[22m | Preparando archivos para reimportarlos...[39m[0m
[  75% ] [90m[1mreimport[22m | Preparando archivos para reimportarlos...[39m[0m
[  75% ] [90m[1mreimport[22m | Preparando archivos para reimportarlos...[39m[0m
[  75% ] [90m[1mreimport[22m | Preparando archivos para reimportarlos...[39m[0m
[  75% ] [90m[1mreimport[22m | Preparando archivos para reimportarlos...[39m[0m
[  75% ] [90m[1mreimport[22m | Preparando archivos para reimportarlos...[39m[0m
[  75% ] [90m[1mreimport[22m | Preparando archivos para reimportarlos...[39m[0m
[  75% ] [90m[1mreimport[22m | Preparando archivos para reimportarlos...[39m[0m
[  75% ] [90m[1mreimport[22m | Preparando archivos para reimportarlos...[39m[0m
[  75% ] [90m[1mreimport[22m | Preparando archivos para reimportarlos...[39m[0m
[  75% ] [90m[1mreimport[22m | Preparando archivos para reimportarlos...[39m[0m
[  76% ] [90m[1mreimport[22m | Preparando archivos para reimportarlos...[39m[0m
[  76% ] [90m[1mreimport[22m | Preparando archivos para reimportarlos...[39m[0m
[  76% ] [90m[1mreimport[22m | Preparando archivos para reimportarlos...[39m[0m
[  76% ] [90m[1mreimport[22m | Preparando archivos para reimportarlos...[39m[0m
[  76% ] [90m[1mreimport[22m | Preparando archivos para reimportarlos...[39m[0m
[  76% ] [90m[1mreimport[22m | Preparando archivos para reimportarlos...[39m[0m
[  76% ] [90m[1mreimport[22m | Preparando archivos para reimportarlos...[39m[0m
[  76% ] [90m[1mreimport[22m | Preparando archivos para reimportarlos...[39m[0m
[  76% ] [90m[1mreimport[22m | Preparando archivos para reimportarlos...[39m[0m
[  76% ] [90m[1mreimport[22m | Preparando archivos para reimportarlos...[39m[0m
[  76% ] [90m[1mreimport[22m | Preparando archivos para reimportarlos...[39m[0m
[  76% ] [90m[1mreimport[22m | Preparando archivos para reimportarlos...[39m[0m
[  77% ] [90m[1mreimport[22m | Preparando archivos para reimportarlos...[39m[0m
[  77% ] [90m[1mreimport[22m | Preparando archivos para reimportarlos...[39m[0m
[  77% ] [90m[1mreimport[22m | Preparando archivos para reimportarlos...[39m[0m
[  77% ] [90m[1mreimport[22m | Preparando archivos para reimportarlos...[39m[0m
[  77% ] [90m[1mreimport[22m | Preparando archivos para reimportarlos...[39m[0m
[  77% ] [90m[1mreimport[22m | Preparando archivos para reimportarlos...[39m[0m
[  77% ] [90m[1mreimport[22m | Preparando archivos para reimportarlos...[39m[0m
[  77% ] [90m[1mreimport[22m | Preparando archivos para reimportarlos...[39m[0m
[  77% ] [90m[1mreimport[22m | Preparando archivos para reimportarlos...[39m[0m
[  77% ] [90m[1mreimport[22m | Preparando archivos para reimportarlos...[39m[0m
[  77% ] [90m[1mreimport[22m | Preparando archivos para reimportarlos...[39m[0m
[  77% ] [90m[1mreimport[22m | Preparando archivos para reimportarlos...[39m[0m
[  77% ] [90m[1mreimport[22m | Preparando archivos para reimportarlos...[39m[0m
[  78% ] [90m[1mreimport[22m | Preparando archivos para reimportarlos...[39m[0m
[  78% ] [90m[1mreimport[22m | Preparando archivos para reimportarlos...[39m[0m
[  78% ] [90m[1mreimport[22m | Preparando archivos para reimportarlos...[39m[0m
[  78% ] [90m[1mreimport[22m | Preparando archivos para reimportarlos...[39m[0m
[  78% ] [90m[1mreimport[22m | Preparando archivos para reimportarlos...[39m[0m
[  78% ] [90m[1mreimport[22m | Preparando archivos para reimportarlos...[39m[0m
[  78% ] [90m[1mreimport[22m | Preparando archivos para reimportarlos...[39m[0m
[  78% ] [90m[1mreimport[22m | Preparando archivos para reimportarlos...[39m[0m
[  78% ] [90m[1mreimport[22m | Preparando archivos para reimportarlos...[39m[0m
[  78% ] [90m[1mreimport[22m | Preparando archivos para reimportarlos...[39m[0m
[  78% ] [90m[1mreimport[22m | Preparando archivos para reimportarlos...[39m[0m
[  78% ] [90m[1mreimport[22m | Preparando archivos para reimportarlos...[39m[0m
[  78% ] [90m[1mreimport[22m | Preparando archivos para reimportarlos...[39m[0m
[  79% ] [90m[1mreimport[22m | Preparando archivos para reimportarlos...[39m[0m
[  79% ] [90m[1mreimport[22m | Preparando archivos para reimportarlos...[39m[0m
[  79% ] [90m[1mreimport[22m | Preparando archivos para reimportarlos...[39m[0m
[  79% ] [90m[1mreimport[22m | Preparando archivos para reimportarlos...[39m[0m
[  79% ] [90m[1mreimport[22m | Preparando archivos para reimportarlos...[39m[0m
[  79% ] [90m[1mreimport[22m | Preparando archivos para reimportarlos...[39m[0m
[  79% ] [90m[1mreimport[22m | Preparando archivos para reimportarlos...[39m[0m
[  79% ] [90m[1mreimport[22m | Preparando archivos para reimportarlos...[39m[0m
[  79% ] [90m[1mreimport[22m | Preparando archivos para reimportarlos...[39m[0m
[  79% ] [90m[1mreimport[22m | Preparando archivos para reimportarlos...[39m[0m
[  79% ] [90m[1mreimport[22m | Preparando archivos para reimportarlos...[39m[0m
[  79% ] [90m[1mreimport[22m | Preparando archivos para reimportarlos...[39m[0m
[  80% ] [90m[1mreimport[22m | Preparando archivos para reimportarlos...[39m[0m
[  80% ] [90m[1mreimport[22m | Preparando archivos para reimportarlos...[39m[0m
[  80% ] [90m[1mreimport[22m | Preparando archivos para reimportarlos...[39m[0m
[  80% ] [90m[1mreimport[22m | Preparando archivos para reimportarlos...[39m[0m
[  80% ] [90m[1mreimport[22m | Preparando archivos para reimportarlos...[39m[0m
[  80% ] [90m[1mreimport[22m | Preparando archivos para reimportarlos...[39m[0m
[  80% ] [90m[1mreimport[22m | Preparando archivos para reimportarlos...[39m[0m
[  80% ] [90m[1mreimport[22m | Preparando archivos para reimportarlos...[39m[0m
[  80% ] [90m[1mreimport[22m | Preparando archivos para reimportarlos...[39m[0m
[  80% ] [90m[1mreimport[22m | Preparando archivos para reimportarlos...[39m[0m
[  80% ] [90m[1mreimport[22m | Preparando archivos para reimportarlos...[39m[0m
[  80% ] [90m[1mreimport[22m | Preparando archivos para reimportarlos...[39m[0m
[  80% ] [90m[1mreimport[22m | Preparando archivos para reimportarlos...[39m[0m
[  81% ] [90m[1mreimport[22m | Preparando archivos para reimportarlos...[39m[0m
[  81% ] [90m[1mreimport[22m | Preparando archivos para reimportarlos...[39m[0m
[  81% ] [90m[1mreimport[22m | Preparando archivos para reimportarlos...[39m[0m
[  81% ] [90m[1mreimport[22m | Preparando archivos para reimportarlos...[39m[0m
[  81% ] [90m[1mreimport[22m | Preparando archivos para reimportarlos...[39m[0m
[  81% ] [90m[1mreimport[22m | Preparando archivos para reimportarlos...[39m[0m
[  81% ] [90m[1mreimport[22m | Preparando archivos para reimportarlos...[39m[0m
[  81% ] [90m[1mreimport[22m | Preparando archivos para reimportarlos...[39m[0m
[  81% ] [90m[1mreimport[22m | Preparando archivos para reimportarlos...[39m[0m
[  81% ] [90m[1mreimport[22m | Preparando archivos para reimportarlos...[39m[0m
[  81% ] [90m[1mreimport[22m | Preparando archivos para reimportarlos...[39m[0m
[  81% ] [90m[1mreimport[22m | Preparando archivos para reimportarlos...[39m[0m
[  82% ] [90m[1mreimport[22m | Preparando archivos para reimportarlos...[39m[0m
[  82% ] [90m[1mreimport[22m | Preparando archivos para reimportarlos...[39m[0m
[  82% ] [90m[1mreimport[22m | Preparando archivos para reimportarlos...[39m[0m
[  82% ] [90m[1mreimport[22m | Preparando archivos para reimportarlos...[39m[0m
[  82% ] [90m[1mreimport[22m | Preparando archivos para reimportarlos...[39m[0m
[  82% ] [90m[1mreimport[22m | Preparando archivos para reimportarlos...[39m[0m
[  82% ] [90m[1mreimport[22m | Preparando archivos para reimportarlos...[39m[0m
[  82% ] [90m[1mreimport[22m | Preparando archivos para reimportarlos...[39m[0m
[  82% ] [90m[1mreimport[22m | Preparando archivos para reimportarlos...[39m[0m
[  82% ] [90m[1mreimport[22m | Preparando archivos para reimportarlos...[39m[0m
[  82% ] [90m[1mreimport[22m | Preparando archivos para reimportarlos...[39m[0m
[  82% ] [90m[1mreimport[22m | Preparando archivos para reimportarlos...[39m[0m
[  82% ] [90m[1mreimport[22m | Preparando archivos para reimportarlos...[39m[0m
[  83% ] [90m[1mreimport[22m | Preparando archivos para reimportarlos...[39m[0m
[  83% ] [90m[1mreimport[22m | Preparando archivos para reimportarlos...[39m[0m
[  83% ] [90m[1mreimport[22m | Preparando archivos para reimportarlos...[39m[0m
[  83% ] [90m[1mreimport[22m | Preparando archivos para reimportarlos...[39m[0m
[  83% ] [90m[1mreimport[22m | Preparando archivos para reimportarlos...[39m[0m
[  83% ] [90m[1mreimport[22m | Preparando archivos para reimportarlos...[39m[0m
[  83% ] [90m[1mreimport[22m | Preparando archivos para reimportarlos...[39m[0m
[  83% ] [90m[1mreimport[22m | Preparando archivos para reimportarlos...[39m[0m
[  83% ] [90m[1mreimport[22m | Preparando archivos para reimportarlos...[39m[0m
[  83% ] [90m[1mreimport[22m | Preparando archivos para reimportarlos...[39m[0m
[  83% ] [90m[1mreimport[22m | Preparando archivos para reimportarlos...[39m[0m
[  83% ] [90m[1mreimport[22m | Preparando archivos para reimportarlos...[39m[0m
[  84% ] [90m[1mreimport[22m | Preparando archivos para reimportarlos...[39m[0m
[  84% ] [90m[1mreimport[22m | Preparando archivos para reimportarlos...[39m[0m
[  84% ] [90m[1mreimport[22m | Preparando archivos para reimportarlos...[39m[0m
[  84% ] [90m[1mreimport[22m | Preparando archivos para reimportarlos...[39m[0m
[  84% ] [90m[1mreimport[22m | Preparando archivos para reimportarlos...[39m[0m
[  84% ] [90m[1mreimport[22m | Preparando archivos para reimportarlos...[39m[0m
[  84% ] [90m[1mreimport[22m | Preparando archivos para reimportarlos...[39m[0m
[  84% ] [90m[1mreimport[22m | Preparando archivos para reimportarlos...[39m[0m
[  84% ] [90m[1mreimport[22m | Preparando archivos para reimportarlos...[39m[0m
[  84% ] [90m[1mreimport[22m | Preparando archivos para reimportarlos...[39m[0m
[  84% ] [90m[1mreimport[22m | Preparando archivos para reimportarlos...[39m[0m
[  84% ] [90m[1mreimport[22m | Preparando archivos para reimportarlos...[39m[0m
[  84% ] [90m[1mreimport[22m | Preparando archivos para reimportarlos...[39m[0m
[  85% ] [90m[1mreimport[22m | Preparando archivos para reimportarlos...[39m[0m
[  85% ] [90m[1mreimport[22m | Preparando archivos para reimportarlos...[39m[0m
[  85% ] [90m[1mreimport[22m | Preparando archivos para reimportarlos...[39m[0m
[  85% ] [90m[1mreimport[22m | Preparando archivos para reimportarlos...[39m[0m
[  85% ] [90m[1mreimport[22m | Preparando archivos para reimportarlos...[39m[0m
[  85% ] [90m[1mreimport[22m | Preparando archivos para reimportarlos...[39m[0m
[  85% ] [90m[1mreimport[22m | Preparando archivos para reimportarlos...[39m[0m
[  85% ] [90m[1mreimport[22m | Preparando archivos para reimportarlos...[39m[0m
[  85% ] [90m[1mreimport[22m | Preparando archivos para reimportarlos...[39m[0m
[  85% ] [90m[1mreimport[22m | Preparando archivos para reimportarlos...[39m[0m
[  85% ] [90m[1mreimport[22m | Preparando archivos para reimportarlos...[39m[0m
[  85% ] [90m[1mreimport[22m | Preparando archivos para reimportarlos...[39m[0m
[  85% ] [90m[1mreimport[22m | Preparando archivos para reimportarlos...[39m[0m
[  86% ] [90m[1mreimport[22m | Preparando archivos para reimportarlos...[39m[0m
[  86% ] [90m[1mreimport[22m | Preparando archivos para reimportarlos...[39m[0m
[  86% ] [90m[1mreimport[22m | Preparando archivos para reimportarlos...[39m[0m
[  86% ] [90m[1mreimport[22m | Preparando archivos para reimportarlos...[39m[0m
[  86% ] [90m[1mreimport[22m | Preparando archivos para reimportarlos...[39m[0m
[  86% ] [90m[1mreimport[22m | Preparando archivos para reimportarlos...[39m[0m
[  86% ] [90m[1mreimport[22m | Preparando archivos para reimportarlos...[39m[0m
[  86% ] [90m[1mreimport[22m | Preparando archivos para reimportarlos...[39m[0m
[  86% ] [90m[1mreimport[22m | Preparando archivos para reimportarlos...[39m[0m
[  86% ] [90m[1mreimport[22m | Preparando archivos para reimportarlos...[39m[0m
[  86% ] [90m[1mreimport[22m | Preparando archivos para reimportarlos...[39m[0m
[  86% ] [90m[1mreimport[22m | Preparando archivos para reimportarlos...[39m[0m
[  87% ] [90m[1mreimport[22m | Preparando archivos para reimportarlos...[39m[0m
[  87% ] [90m[1mreimport[22m | Preparando archivos para reimportarlos...[39m[0m
[  87% ] [90m[1mreimport[22m | Preparando archivos para reimportarlos...[39m[0m
[  87% ] [90m[1mreimport[22m | Preparando archivos para reimportarlos...[39m[0m
[  87% ] [90m[1mreimport[22m | Preparando archivos para reimportarlos...[39m[0m
[  87% ] [90m[1mreimport[22m | Preparando archivos para reimportarlos...[39m[0m
[  87% ] [90m[1mreimport[22m | Preparando archivos para reimportarlos...[39m[0m
[  87% ] [90m[1mreimport[22m | Preparando archivos para reimportarlos...[39m[0m
[  87% ] [90m[1mreimport[22m | Preparando archivos para reimportarlos...[39m[0m
[  87% ] [90m[1mreimport[22m | Preparando archivos para reimportarlos...[39m[0m
[  87% ] [90m[1mreimport[22m | Preparando archivos para reimportarlos...[39m[0m
[  87% ] [90m[1mreimport[22m | Preparando archivos para reimportarlos...[39m[0m
[  87% ] [90m[1mreimport[22m | Preparando archivos para reimportarlos...[39m[0m
[  88% ] [90m[1mreimport[22m | Preparando archivos para reimportarlos...[39m[0m
[  88% ] [90m[1mreimport[22m | Preparando archivos para reimportarlos...[39m[0m
[  88% ] [90m[1mreimport[22m | Preparando archivos para reimportarlos...[39m[0m
[  88% ] [90m[1mreimport[22m | Preparando archivos para reimportarlos...[39m[0m
[  88% ] [90m[1mreimport[22m | Preparando archivos para reimportarlos...[39m[0m
[  88% ] [90m[1mreimport[22m | Preparando archivos para reimportarlos...[39m[0m
[  88% ] [90m[1mreimport[22m | Preparando archivos para reimportarlos...[39m[0m
[  88% ] [90m[1mreimport[22m | Preparando archivos para reimportarlos...[39m[0m
[  88% ] [90m[1mreimport[22m | Preparando archivos para reimportarlos...[39m[0m
[  88% ] [90m[1mreimport[22m | Preparando archivos para reimportarlos...[39m[0m
[  88% ] [90m[1mreimport[22m | Preparando archivos para reimportarlos...[39m[0m
[  88% ] [90m[1mreimport[22m | Preparando archivos para reimportarlos...[39m[0m
[  89% ] [90m[1mreimport[22m | Preparando archivos para reimportarlos...[39m[0m
[  89% ] [90m[1mreimport[22m | Preparando archivos para reimportarlos...[39m[0m
[  89% ] [90m[1mreimport[22m | Preparando archivos para reimportarlos...[39m[0m
[  89% ] [90m[1mreimport[22m | Preparando archivos para reimportarlos...[39m[0m
[  89% ] [90m[1mreimport[22m | Preparando archivos para reimportarlos...[39m[0m
[  89% ] [90m[1mreimport[22m | Preparando archivos para reimportarlos...[39m[0m
[  89% ] [90m[1mreimport[22m | Preparando archivos para reimportarlos...[39m[0m
[  89% ] [90m[1mreimport[22m | Preparando archivos para reimportarlos...[39m[0m
[  89% ] [90m[1mreimport[22m | Preparando archivos para reimportarlos...[39m[0m
[  89% ] [90m[1mreimport[22m | Preparando archivos para reimportarlos...[39m[0m
[  89% ] [90m[1mreimport[22m | Preparando archivos para reimportarlos...[39m[0m
[  89% ] [90m[1mreimport[22m | Preparando archivos para reimportarlos...[39m[0m
[  89% ] [90m[1mreimport[22m | Preparando archivos para reimportarlos...[39m[0m
[  90% ] [90m[1mreimport[22m | Preparando archivos para reimportarlos...[39m[0m
[  90% ] [90m[1mreimport[22m | Preparando archivos para reimportarlos...[39m[0m
[  90% ] [90m[1mreimport[22m | Preparando archivos para reimportarlos...[39m[0m
[  90% ] [90m[1mreimport[22m | Preparando archivos para reimportarlos...[39m[0m
[  90% ] [90m[1mreimport[22m | Preparando archivos para reimportarlos...[39m[0m
[  90% ] [90m[1mreimport[22m | Preparando archivos para reimportarlos...[39m[0m
[  90% ] [90m[1mreimport[22m | Preparando archivos para reimportarlos...[39m[0m
[  90% ] [90m[1mreimport[22m | Preparando archivos para reimportarlos...[39m[0m
[  90% ] [90m[1mreimport[22m | Preparando archivos para reimportarlos...[39m[0m
[  90% ] [90m[1mreimport[22m | Preparando archivos para reimportarlos...[39m[0m
[  90% ] [90m[1mreimport[22m | Preparando archivos para reimportarlos...[39m[0m
[  90% ] [90m[1mreimport[22m | Preparando archivos para reimportarlos...[39m[0m
[  91% ] [90m[1mreimport[22m | Preparando archivos para reimportarlos...[39m[0m
[  91% ] [90m[1mreimport[22m | Preparando archivos para reimportarlos...[39m[0m
[  91% ] [90m[1mreimport[22m | Preparando archivos para reimportarlos...[39m[0m
[  91% ] [90m[1mreimport[22m | Preparando archivos para reimportarlos...[39m[0m
[  91% ] [90m[1mreimport[22m | Preparando archivos para reimportarlos...[39m[0m
[  91% ] [90m[1mreimport[22m | Preparando archivos para reimportarlos...[39m[0m
[  91% ] [90m[1mreimport[22m | Preparando archivos para reimportarlos...[39m[0m
[  91% ] [90m[1mreimport[22m | Preparando archivos para reimportarlos...[39m[0m
[  91% ] [90m[1mreimport[22m | Preparando archivos para reimportarlos...[39m[0m
[  91% ] [90m[1mreimport[22m | Preparando archivos para reimportarlos...[39m[0m
[  91% ] [90m[1mreimport[22m | Preparando archivos para reimportarlos...[39m[0m
[  91% ] [90m[1mreimport[22m | Preparando archivos para reimportarlos...[39m[0m
[  91% ] [90m[1mreimport[22m | Preparando archivos para reimportarlos...[39m[0m
[  92% ] [90m[1mreimport[22m | Preparando archivos para reimportarlos...[39m[0m
[  92% ] [90m[1mreimport[22m | Preparando archivos para reimportarlos...[39m[0m
[  92% ] [90m[1mreimport[22m | Preparando archivos para reimportarlos...[39m[0m
[  92% ] [90m[1mreimport[22m | Preparando archivos para reimportarlos...[39m[0m
[  92% ] [90m[1mreimport[22m | Preparando archivos para reimportarlos...[39m[0m
[  92% ] [90m[1mreimport[22m | Preparando archivos para reimportarlos...[39m[0m
[  92% ] [90m[1mreimport[22m | Preparando archivos para reimportarlos...[39m[0m
[  92% ] [90m[1mreimport[22m | Preparando archivos para reimportarlos...[39m[0m
[  92% ] [90m[1mreimport[22m | Preparando archivos para reimportarlos...[39m[0m
[  92% ] [90m[1mreimport[22m | Preparando archivos para reimportarlos...[39m[0m
[  92% ] [90m[1mreimport[22m | Preparando archivos para reimportarlos...[39m[0m
[  92% ] [90m[1mreimport[22m | Preparando archivos para reimportarlos...[39m[0m
[  92% ] [90m[1mreimport[22m | Preparando archivos para reimportarlos...[39m[0m
[  93% ] [90m[1mreimport[22m | Preparando archivos para reimportarlos...[39m[0m
[  93% ] [90m[1mreimport[22m | Preparando archivos para reimportarlos...[39m[0m
[  93% ] [90m[1mreimport[22m | Preparando archivos para reimportarlos...[39m[0m
[  93% ] [90m[1mreimport[22m | Preparando archivos para reimportarlos...[39m[0m
[  93% ] [90m[1mreimport[22m | Preparando archivos para reimportarlos...[39m[0m
[  93% ] [90m[1mreimport[22m | Preparando archivos para reimportarlos...[39m[0m
[  93% ] [90m[1mreimport[22m | Preparando archivos para reimportarlos...[39m[0m
[  93% ] [90m[1mreimport[22m | Preparando archivos para reimportarlos...[39m[0m
[  93% ] [90m[1mreimport[22m | Preparando archivos para reimportarlos...[39m[0m
[  93% ] [90m[1mreimport[22m | Preparando archivos para reimportarlos...[39m[0m
[  93% ] [90m[1mreimport[22m | Preparando archivos para reimportarlos...[39m[0m
[  93% ] [90m[1mreimport[22m | Preparando archivos para reimportarlos...[39m[0m
[  94% ] [90m[1mreimport[22m | Preparando archivos para reimportarlos...[39m[0m
[  94% ] [90m[1mreimport[22m | Preparando archivos para reimportarlos...[39m[0m
[  94% ] [90m[1mreimport[22m | Preparando archivos para reimportarlos...[39m[0m
[  94% ] [90m[1mreimport[22m | Preparando archivos para reimportarlos...[39m[0m
[  94% ] [90m[1mreimport[22m | Preparando archivos para reimportarlos...[39m[0m
[  94% ] [90m[1mreimport[22m | Preparando archivos para reimportarlos...[39m[0m
[  94% ] [90m[1mreimport[22m | Preparando archivos para reimportarlos...[39m[0m
[  94% ] [90m[1mreimport[22m | Preparando archivos para reimportarlos...[39m[0m
[  94% ] [90m[1mreimport[22m | Preparando archivos para reimportarlos...[39m[0m
[  94% ] [90m[1mreimport[22m | Preparando archivos para reimportarlos...[39m[0m
[  94% ] [90m[1mreimport[22m | Preparando archivos para reimportarlos...[39m[0m
[  94% ] [90m[1mreimport[22m | Preparando archivos para reimportarlos...[39m[0m
[  94% ] [90m[1mreimport[22m | Preparando archivos para reimportarlos...[39m[0m
[  95% ] [90m[1mreimport[22m | Preparando archivos para reimportarlos...[39m[0m
[  95% ] [90m[1mreimport[22m | Preparando archivos para reimportarlos...[39m[0m
[  95% ] [90m[1mreimport[22m | Preparando archivos para reimportarlos...[39m[0m
[  95% ] [90m[1mreimport[22m | Preparando archivos para reimportarlos...[39m[0m
[  95% ] [90m[1mreimport[22m | Preparando archivos para reimportarlos...[39m[0m
[  95% ] [90m[1mreimport[22m | Preparando archivos para reimportarlos...[39m[0m
[  95% ] [90m[1mreimport[22m | Preparando archivos para reimportarlos...[39m[0m
[  95% ] [90m[1mreimport[22m | Preparando archivos para reimportarlos...[39m[0m
[  95% ] [90m[1mreimport[22m | Preparando archivos para reimportarlos...[39m[0m
[  95% ] [90m[1mreimport[22m | Preparando archivos para reimportarlos...[39m[0m
[  95% ] [90m[1mreimport[22m | Preparando archivos para reimportarlos...[39m[0m
[  95% ] [90m[1mreimport[22m | Preparando archivos para reimportarlos...[39m[0m
[  96% ] [90m[1mreimport[22m | Preparando archivos para reimportarlos...[39m[0m
[  96% ] [90m[1mreimport[22m | Preparando archivos para reimportarlos...[39m[0m
[  96% ] [90m[1mreimport[22m | Preparando archivos para reimportarlos...[39m[0m
[  96% ] [90m[1mreimport[22m | Preparando archivos para reimportarlos...[39m[0m
[  96% ] [90m[1mreimport[22m | Preparando archivos para reimportarlos...[39m[0m
[  96% ] [90m[1mreimport[22m | Preparando archivos para reimportarlos...[39m[0m
[  96% ] [90m[1mreimport[22m | Preparando archivos para reimportarlos...[39m[0m
[  96% ] [90m[1mreimport[22m | Preparando archivos para reimportarlos...[39m[0m
[  96% ] [90m[1mreimport[22m | Preparando archivos para reimportarlos...[39m[0m
[  96% ] [90m[1mreimport[22m | Preparando archivos para reimportarlos...[39m[0m
[  96% ] [90m[1mreimport[22m | Preparando archivos para reimportarlos...[39m[0m
[  96% ] [90m[1mreimport[22m | Preparando archivos para reimportarlos...[39m[0m
[  96% ] [90m[1mreimport[22m | Preparando archivos para reimportarlos...[39m[0m
[  97% ] [90m[1mreimport[22m | Preparando archivos para reimportarlos...[39m[0m
[  97% ] [90m[1mreimport[22m | Preparando archivos para reimportarlos...[39m[0m
[  97% ] [90m[1mreimport[22m | Preparando archivos para reimportarlos...[39m[0m
[  97% ] [90m[1mreimport[22m | Preparando archivos para reimportarlos...[39m[0m
[  97% ] [90m[1mreimport[22m | Preparando archivos para reimportarlos...[39m[0m
[  97% ] [90m[1mreimport[22m | Preparando archivos para reimportarlos...[39m[0m
[  97% ] [90m[1mreimport[22m | Preparando archivos para reimportarlos...[39m[0m
[  97% ] [90m[1mreimport[22m | Preparando archivos para reimportarlos...[39m[0m
[  97% ] [90m[1mreimport[22m | Preparando archivos para reimportarlos...[39m[0m
[  97% ] [90m[1mreimport[22m | Preparando archivos para reimportarlos...[39m[0m
[  97% ] [90m[1mreimport[22m | Preparando archivos para reimportarlos...[39m[0m
[  97% ] [90m[1mreimport[22m | Preparando archivos para reimportarlos...[39m[0m
[  98% ] [90m[1mreimport[22m | Preparando archivos para reimportarlos...[39m[0m
[  98% ] [90m[1mreimport[22m | Preparando archivos para reimportarlos...[39m[0m
[  98% ] [90m[1mreimport[22m | Preparando archivos para reimportarlos...[39m[0m
[  98% ] [90m[1mreimport[22m | Preparando archivos para reimportarlos...[39m[0m
[  98% ] [90m[1mreimport[22m | Preparando archivos para reimportarlos...[39m[0m
[  98% ] [90m[1mreimport[22m | Preparando archivos para reimportarlos...[39m[0m
[  98% ] [90m[1mreimport[22m | Preparando archivos para reimportarlos...[39m[0m
[  98% ] [90m[1mreimport[22m | Preparando archivos para reimportarlos...[39m[0m
[  98% ] [90m[1mreimport[22m | Preparando archivos para reimportarlos...[39m[0m
[  98% ] [90m[1mreimport[22m | Preparando archivos para reimportarlos...[39m[0m
[  98% ] [90m[1mreimport[22m | Preparando archivos para reimportarlos...[39m[0m
[  98% ] [90m[1mreimport[22m | Preparando archivos para reimportarlos...[39m[0m
[  98% ] [90m[1mreimport[22m | Preparando archivos para reimportarlos...[39m[0m
[  99% ] [90m[1mreimport[22m | Preparando archivos para reimportarlos...[39m[0m
[  99% ] [90m[1mreimport[22m | Preparando archivos para reimportarlos...[39m[0m
[  99% ] [90m[1mreimport[22m | Preparando archivos para reimportarlos...[39m[0m
[  99% ] [90m[1mreimport[22m | Preparando archivos para reimportarlos...[39m[0m
[  99% ] [90m[1mreimport[22m | Preparando archivos para reimportarlos...[39m[0m
[  99% ] [90m[1mreimport[22m | Preparando archivos para reimportarlos...[39m[0m
[  99% ] [90m[1mreimport[22m | Preparando archivos para reimportarlos...[39m[0m
[  99% ] [90m[1mreimport[22m | Preparando archivos para reimportarlos...[39m[0m
[  99% ] [90m[1mreimport[22m | Preparando archivos para reimportarlos...[39m[0m
[  99% ] [90m[1mreimport[22m | Preparando archivos para reimportarlos...[39m[0m
[  99% ] [90m[1mreimport[22m | Preparando archivos para reimportarlos...[39m[0m
[   0% ] [90m[1mreimport[22m | Ejecutando operaciones de pre-reimportación...[39m[0m
[   0% ] [90m[1mreimport[22m | 17_enhanced.png[39m[0m
[   0% ] [90m[1mreimport[22m | 16_original.png[39m[0m
[   0% ] [90m[1mreimport[22m | 16_enhanced.png[39m[0m
[   0% ] [90m[1mreimport[22m | 15_original.png[39m[0m
[   0% ] [90m[1mreimport[22m | 15_enhanced.png[39m[0m
[   0% ] [90m[1mreimport[22m | 14_original.png[39m[0m
[   0% ] [90m[1mreimport[22m | 14_enhanced.png[39m[0m
[   0% ] [90m[1mreimport[22m | 13_original.png[39m[0m
[   0% ] [90m[1mreimport[22m | 13_enhanced.png[39m[0m
[   0% ] [90m[1mreimport[22m | 12_original.png[39m[0m
[   0% ] [90m[1mreimport[22m | 12_enhanced.png[39m[0m
[   0% ] [90m[1mreimport[22m | 11_original.png[39m[0m
[   0% ] [90m[1mreimport[22m | 11_enhanced.png[39m[0m
[   1% ] [90m[1mreimport[22m | 10_original.png[39m[0m
[   1% ] [90m[1mreimport[22m | 10_enhanced.png[39m[0m
[   1% ] [90m[1mreimport[22m | 09_original.png[39m[0m
[   1% ] [90m[1mreimport[22m | 09_enhanced.png[39m[0m
[   1% ] [90m[1mreimport[22m | 08_original.png[39m[0m
[   1% ] [90m[1mreimport[22m | 08_enhanced.png[39m[0m
[   1% ] [90m[1mreimport[22m | 10_enhanced.png[39m[0m
[   1% ] [90m[1mreimport[22m | 09_original.png[39m[0m
[   1% ] [90m[1mreimport[22m | 09_enhanced.png[39m[0m
[   1% ] [90m[1mreimport[22m | 08_original.png[39m[0m
[   1% ] [90m[1mreimport[22m | 08_enhanced.png[39m[0m
[   1% ] [90m[1mreimport[22m | 07_original.png[39m[0m
[   1% ] [90m[1mreimport[22m | 07_enhanced.png[39m[0m
[   2% ] [90m[1mreimport[22m | 06_original.png[39m[0m
[   2% ] [90m[1mreimport[22m | 06_enhanced.png[39m[0m
[   2% ] [90m[1mreimport[22m | 05_original.png[39m[0m
[   2% ] [90m[1mreimport[22m | 05_enhanced.png[39m[0m
[   2% ] [90m[1mreimport[22m | 04_original.png[39m[0m
[   2% ] [90m[1mreimport[22m | 04_enhanced.png[39m[0m
[   2% ] [90m[1mreimport[22m | 20_original.png[39m[0m
[   2% ] [90m[1mreimport[22m | 20_enhanced.png[39m[0m
[   2% ] [90m[1mreimport[22m | 19_original.png[39m[0m
[   2% ] [90m[1mreimport[22m | 19_enhanced.png[39m[0m
[   2% ] [90m[1mreimport[22m | 18_original.png[39m[0m
[   2% ] [90m[1mreimport[22m | 18_enhanced.png[39m[0m
[   3% ] [90m[1mreimport[22m | 17_original.png[39m[0m
[   3% ] [90m[1mreimport[22m | 14_original.png[39m[0m
[   3% ] [90m[1mreimport[22m | 14_enhanced.png[39m[0m
[   3% ] [90m[1mreimport[22m | 13_original.png[39m[0m
[   3% ] [90m[1mreimport[22m | 13_enhanced.png[39m[0m
[   3% ] [90m[1mreimport[22m | 12_original.png[39m[0m
[   3% ] [90m[1mreimport[22m | 12_enhanced.png[39m[0m
[   3% ] [90m[1mreimport[22m | 11_original.png[39m[0m
[   3% ] [90m[1mreimport[22m | 11_enhanced.png[39m[0m
[   3% ] [90m[1mreimport[22m | 10_original.png[39m[0m
[   3% ] [90m[1mreimport[22m | 10_enhanced.png[39m[0m
[   3% ] [90m[1mreimport[22m | 09_original.png[39m[0m
[   3% ] [90m[1mreimport[22m | 09_enhanced.png[39m[0m
[   4% ] [90m[1mreimport[22m | 08_original.png[39m[0m
[   4% ] [90m[1mreimport[22m | 08_enhanced.png[39m[0m
[   4% ] [90m[1mreimport[22m | 07_original.png[39m[0m
[   4% ] [90m[1mreimport[22m | 07_enhanced.png[39m[0m
[   4% ] [90m[1mreimport[22m | 06_original.png[39m[0m
[   4% ] [90m[1mreimport[22m | 06_enhanced.png[39m[0m
[   4% ] [90m[1mreimport[22m | 05_original.png[39m[0m
[   4% ] [90m[1mreimport[22m | 07_original.png[39m[0m
[   4% ] [90m[1mreimport[22m | 07_enhanced.png[39m[0m
[   4% ] [90m[1mreimport[22m | 06_original.png[39m[0m
[   4% ] [90m[1mreimport[22m | 06_enhanced.png[39m[0m
[   4% ] [90m[1mreimport[22m | 05_original.png[39m[0m
[   5% ] [90m[1mreimport[22m | 05_enhanced.png[39m[0m
[   5% ] [90m[1mreimport[22m | 04_original.png[39m[0m
[   5% ] [90m[1mreimport[22m | 04_enhanced.png[39m[0m
[   5% ] [90m[1mreimport[22m | 20_original.png[39m[0m
[   5% ] [90m[1mreimport[22m | 20_enhanced.png[39m[0m
[   5% ] [90m[1mreimport[22m | 19_original.png[39m[0m
[   5% ] [90m[1mreimport[22m | 19_enhanced.png[39m[0m
[   5% ] [90m[1mreimport[22m | 18_original.png[39m[0m
[   5% ] [90m[1mreimport[22m | 18_enhanced.png[39m[0m
[   5% ] [90m[1mreimport[22m | 17_original.png[39m[0m
[   5% ] [90m[1mreimport[22m | 17_enhanced.png[39m[0m
[   5% ] [90m[1mreimport[22m | 16_original.png[39m[0m
[   5% ] [90m[1mreimport[22m | 16_enhanced.png[39m[0m
[   6% ] [90m[1mreimport[22m | 15_original.png[39m[0m
[   6% ] [90m[1mreimport[22m | 15_enhanced.png[39m[0m
[   6% ] [90m[1mreimport[22m | 05_original.png[39m[0m
[   6% ] [90m[1mreimport[22m | 05_enhanced.png[39m[0m
[   6% ] [90m[1mreimport[22m | 04_original.png[39m[0m
[   6% ] [90m[1mreimport[22m | 04_enhanced.png[39m[0m
[   6% ] [90m[1mreimport[22m | 20_original.png[39m[0m
[   6% ] [90m[1mreimport[22m | 20_enhanced.png[39m[0m
[   6% ] [90m[1mreimport[22m | 19_original.png[39m[0m
[   6% ] [90m[1mreimport[22m | 19_enhanced.png[39m[0m
[   6% ] [90m[1mreimport[22m | 18_original.png[39m[0m
[   6% ] [90m[1mreimport[22m | 18_enhanced.png[39m[0m
[   7% ] [90m[1mreimport[22m | 17_original.png[39m[0m
[   7% ] [90m[1mreimport[22m | 17_enhanced.png[39m[0m
[   7% ] [90m[1mreimport[22m | 16_original.png[39m[0m
[   7% ] [90m[1mreimport[22m | 16_enhanced.png[39m[0m
[   7% ] [90m[1mreimport[22m | 15_original.png[39m[0m
[   7% ] [90m[1mreimport[22m | 15_enhanced.png[39m[0m
[   7% ] [90m[1mreimport[22m | 14_original.png[39m[0m
[   7% ] [90m[1mreimport[22m | 14_enhanced.png[39m[0m
[   7% ] [90m[1mreimport[22m | 13_original.png[39m[0m
[   7% ] [90m[1mreimport[22m | 15_original.png[39m[0m
[   7% ] [90m[1mreimport[22m | 15_enhanced.png[39m[0m
[   7% ] [90m[1mreimport[22m | 14_original.png[39m[0m
[   7% ] [90m[1mreimport[22m | 14_enhanced.png[39m[0m
[   8% ] [90m[1mreimport[22m | 13_original.png[39m[0m
[   8% ] [90m[1mreimport[22m | 13_enhanced.png[39m[0m
[   8% ] [90m[1mreimport[22m | 12_original.png[39m[0m
[   8% ] [90m[1mreimport[22m | 12_enhanced.png[39m[0m
[   8% ] [90m[1mreimport[22m | 11_original.png[39m[0m
[   8% ] [90m[1mreimport[22m | 11_enhanced.png[39m[0m
[   8% ] [90m[1mreimport[22m | 10_original.png[39m[0m
[   8% ] [90m[1mreimport[22m | 10_enhanced.png[39m[0m
[   8% ] [90m[1mreimport[22m | 09_original.png[39m[0m
[   8% ] [90m[1mreimport[22m | 09_enhanced.png[39m[0m
[   8% ] [90m[1mreimport[22m | 08_original.png[39m[0m
[   8% ] [90m[1mreimport[22m | 08_enhanced.png[39m[0m
[   8% ] [90m[1mreimport[22m | 07_original.png[39m[0m
[   9% ] [90m[1mreimport[22m | 07_enhanced.png[39m[0m
[   9% ] [90m[1mreimport[22m | 06_original.png[39m[0m
[   9% ] [90m[1mreimport[22m | 06_enhanced.png[39m[0m
[   9% ] [90m[1mreimport[22m | 20_enhanced.png[39m[0m
[   9% ] [90m[1mreimport[22m | 19_original.png[39m[0m
[   9% ] [90m[1mreimport[22m | 19_enhanced.png[39m[0m
[   9% ] [90m[1mreimport[22m | 18_original.png[39m[0m
[   9% ] [90m[1mreimport[22m | 18_enhanced.png[39m[0m
[   9% ] [90m[1mreimport[22m | 17_original.png[39m[0m
[   9% ] [90m[1mreimport[22m | 17_enhanced.png[39m[0m
[   9% ] [90m[1mreimport[22m | 16_original.png[39m[0m
[   9% ] [90m[1mreimport[22m | 16_enhanced.png[39m[0m
[  10% ] [90m[1mreimport[22m | 15_original.png[39m[0m
[  10% ] [90m[1mreimport[22m | 15_enhanced.png[39m[0m
[  10% ] [90m[1mreimport[22m | 14_original.png[39m[0m
[  10% ] [90m[1mreimport[22m | 14_enhanced.png[39m[0m
[  10% ] [90m[1mreimport[22m | 13_original.png[39m[0m
[  10% ] [90m[1mreimport[22m | 13_enhanced.png[39m[0m
[  10% ] [90m[1mreimport[22m | 12_original.png[39m[0m
[  10% ] [90m[1mreimport[22m | 12_enhanced.png[39m[0m
[  10% ] [90m[1mreimport[22m | 11_original.png[39m[0m
[  10% ] [90m[1mreimport[22m | 11_enhanced.png[39m[0m
[  10% ] [90m[1mreimport[22m | 10_original.png[39m[0m
[  10% ] [90m[1mreimport[22m | 13_enhanced.png[39m[0m
[  10% ] [90m[1mreimport[22m | 12_original.png[39m[0m
[  11% ] [90m[1mreimport[22m | 12_enhanced.png[39m[0m
[  11% ] [90m[1mreimport[22m | 11_original.png[39m[0m
[  11% ] [90m[1mreimport[22m | 11_enhanced.png[39m[0m
[  11% ] [90m[1mreimport[22m | 10_original.png[39m[0m
[  11% ] [90m[1mreimport[22m | 10_enhanced.png[39m[0m
[  11% ] [90m[1mreimport[22m | 09_original.png[39m[0m
[  11% ] [90m[1mreimport[22m | 09_enhanced.png[39m[0m
[  11% ] [90m[1mreimport[22m | 08_original.png[39m[0m
[  11% ] [90m[1mreimport[22m | 08_enhanced.png[39m[0m
[  11% ] [90m[1mreimport[22m | 07_original.png[39m[0m
[  11% ] [90m[1mreimport[22m | 07_enhanced.png[39m[0m
[  11% ] [90m[1mreimport[22m | 06_original.png[39m[0m
[  12% ] [90m[1mreimport[22m | 06_enhanced.png[39m[0m
[  12% ] [90m[1mreimport[22m | 05_original.png[39m[0m
[  12% ] [90m[1mreimport[22m | 05_enhanced.png[39m[0m
[  12% ] [90m[1mreimport[22m | 04_original.png[39m[0m
[  12% ] [90m[1mreimport[22m | 04_enhanced.png[39m[0m
[  12% ] [90m[1mreimport[22m | 20_original.png[39m[0m
[  12% ] [90m[1mreimport[22m | 06_original.png[39m[0m
[  12% ] [90m[1mreimport[22m | 06_enhanced.png[39m[0m
[  12% ] [90m[1mreimport[22m | 05_original.png[39m[0m
[  12% ] [90m[1mreimport[22m | 05_enhanced.png[39m[0m
[  12% ] [90m[1mreimport[22m | 04_original.png[39m[0m
[  12% ] [90m[1mreimport[22m | 04_enhanced.png[39m[0m
[  12% ] [90m[1mreimport[22m | 20_original.png[39m[0m
[  13% ] [90m[1mreimport[22m | 20_enhanced.png[39m[0m
[  13% ] [90m[1mreimport[22m | 19_original.png[39m[0m
[  13% ] [90m[1mreimport[22m | 19_enhanced.png[39m[0m
[  13% ] [90m[1mreimport[22m | 18_original.png[39m[0m
[  13% ] [90m[1mreimport[22m | 18_enhanced.png[39m[0m
[  13% ] [90m[1mreimport[22m | 17_original.png[39m[0m
[  13% ] [90m[1mreimport[22m | 17_enhanced.png[39m[0m
[  13% ] [90m[1mreimport[22m | 16_original.png[39m[0m
[  13% ] [90m[1mreimport[22m | 16_enhanced.png[39m[0m
[  13% ] [90m[1mreimport[22m | 15_original.png[39m[0m
[  13% ] [90m[1mreimport[22m | 15_enhanced.png[39m[0m
[  13% ] [90m[1mreimport[22m | 14_original.png[39m[0m
[  14% ] [90m[1mreimport[22m | 16_original.png[39m[0m
[  14% ] [90m[1mreimport[22m | 16_enhanced.png[39m[0m
[  14% ] [90m[1mreimport[22m | 15_original.png[39m[0m
[  14% ] [90m[1mreimport[22m | 15_enhanced.png[39m[0m
[  14% ] [90m[1mreimport[22m | 14_original.png[39m[0m
[  14% ] [90m[1mreimport[22m | 14_enhanced.png[39m[0m
[  14% ] [90m[1mreimport[22m | 13_original.png[39m[0m
[  14% ] [90m[1mreimport[22m | 13_enhanced.png[39m[0m
[  14% ] [90m[1mreimport[22m | 12_original.png[39m[0m
[  14% ] [90m[1mreimport[22m | 12_enhanced.png[39m[0m
[  14% ] [90m[1mreimport[22m | 11_original.png[39m[0m
[  14% ] [90m[1mreimport[22m | 11_enhanced.png[39m[0m
[  14% ] [90m[1mreimport[22m | 10_original.png[39m[0m
[  15% ] [90m[1mreimport[22m | 10_enhanced.png[39m[0m
[  15% ] [90m[1mreimport[22m | 09_original.png[39m[0m
[  15% ] [90m[1mreimport[22m | 09_enhanced.png[39m[0m
[  15% ] [90m[1mreimport[22m | 08_original.png[39m[0m
[  15% ] [90m[1mreimport[22m | 08_enhanced.png[39m[0m
[  15% ] [90m[1mreimport[22m | 07_original.png[39m[0m
[  15% ] [90m[1mreimport[22m | 07_enhanced.png[39m[0m
[  15% ] [90m[1mreimport[22m | 04_enhanced.png[39m[0m
[  15% ] [90m[1mreimport[22m | 20_original.png[39m[0m
[  15% ] [90m[1mreimport[22m | 20_enhanced.png[39m[0m
[  15% ] [90m[1mreimport[22m | 19_original.png[39m[0m
[  15% ] [90m[1mreimport[22m | 19_enhanced.png[39m[0m
[  15% ] [90m[1mreimport[22m | 18_original.png[39m[0m
[  16% ] [90m[1mreimport[22m | 18_enhanced.png[39m[0m
[  16% ] [90m[1mreimport[22m | 17_original.png[39m[0m
[  16% ] [90m[1mreimport[22m | 17_enhanced.png[39m[0m
[  16% ] [90m[1mreimport[22m | 16_original.png[39m[0m
[  16% ] [90m[1mreimport[22m | 16_enhanced.png[39m[0m
[  16% ] [90m[1mreimport[22m | 15_original.png[39m[0m
[  16% ] [90m[1mreimport[22m | 15_enhanced.png[39m[0m
[  16% ] [90m[1mreimport[22m | 14_original.png[39m[0m
[  16% ] [90m[1mreimport[22m | 14_enhanced.png[39m[0m
[  16% ] [90m[1mreimport[22m | 13_original.png[39m[0m
[  16% ] [90m[1mreimport[22m | 13_enhanced.png[39m[0m
[  16% ] [90m[1mreimport[22m | 12_original.png[39m[0m
[  17% ] [90m[1mreimport[22m | 12_enhanced.png[39m[0m
[  17% ] [90m[1mreimport[22m | 14_enhanced.png[39m[0m
[  17% ] [90m[1mreimport[22m | 13_original.png[39m[0m
[  17% ] [90m[1mreimport[22m | 13_enhanced.png[39m[0m
[  17% ] [90m[1mreimport[22m | 12_original.png[39m[0m
[  17% ] [90m[1mreimport[22m | 12_enhanced.png[39m[0m
[  17% ] [90m[1mreimport[22m | 11_original.png[39m[0m
[  17% ] [90m[1mreimport[22m | 11_enhanced.png[39m[0m
[  17% ] [90m[1mreimport[22m | 10_original.png[39m[0m
[  17% ] [90m[1mreimport[22m | 10_enhanced.png[39m[0m
[  17% ] [90m[1mreimport[22m | 09_original.png[39m[0m
[  17% ] [90m[1mreimport[22m | 09_enhanced.png[39m[0m
[  17% ] [90m[1mreimport[22m | 08_original.png[39m[0m
[  18% ] [90m[1mreimport[22m | 08_enhanced.png[39m[0m
[  18% ] [90m[1mreimport[22m | 07_original.png[39m[0m
[  18% ] [90m[1mreimport[22m | 07_enhanced.png[39m[0m
[  18% ] [90m[1mreimport[22m | 06_original.png[39m[0m
[  18% ] [90m[1mreimport[22m | 06_enhanced.png[39m[0m
[  18% ] [90m[1mreimport[22m | 05_original.png[39m[0m
[  18% ] [90m[1mreimport[22m | 05_enhanced.png[39m[0m
[  18% ] [90m[1mreimport[22m | 04_original.png[39m[0m
[  18% ] [90m[1mreimport[22m | 12_enhanced.png[39m[0m
[  18% ] [90m[1mreimport[22m | 11_original.png[39m[0m
[  18% ] [90m[1mreimport[22m | 11_enhanced.png[39m[0m
[  18% ] [90m[1mreimport[22m | 10_original.png[39m[0m
[  19% ] [90m[1mreimport[22m | 10_enhanced.png[39m[0m
[  19% ] [90m[1mreimport[22m | 09_original.png[39m[0m
[  19% ] [90m[1mreimport[22m | 09_enhanced.png[39m[0m
[  19% ] [90m[1mreimport[22m | 08_original.png[39m[0m
[  19% ] [90m[1mreimport[22m | 08_enhanced.png[39m[0m
[  19% ] [90m[1mreimport[22m | 07_original.png[39m[0m
[  19% ] [90m[1mreimport[22m | 07_enhanced.png[39m[0m
[  19% ] [90m[1mreimport[22m | 06_original.png[39m[0m
[  19% ] [90m[1mreimport[22m | 06_enhanced.png[39m[0m
[  19% ] [90m[1mreimport[22m | 05_original.png[39m[0m
[  19% ] [90m[1mreimport[22m | 05_enhanced.png[39m[0m
[  19% ] [90m[1mreimport[22m | 04_original.png[39m[0m
[  19% ] [90m[1mreimport[22m | 04_enhanced.png[39m[0m
[  20% ] [90m[1mreimport[22m | 20_original.png[39m[0m
[  20% ] [90m[1mreimport[22m | 20_enhanced.png[39m[0m
[  20% ] [90m[1mreimport[22m | 05_enhanced.png[39m[0m
[  20% ] [90m[1mreimport[22m | 04_original.png[39m[0m
[  20% ] [90m[1mreimport[22m | 04_enhanced.png[39m[0m
[  20% ] [90m[1mreimport[22m | 20_original.png[39m[0m
[  20% ] [90m[1mreimport[22m | 20_enhanced.png[39m[0m
[  20% ] [90m[1mreimport[22m | 19_original.png[39m[0m
[  20% ] [90m[1mreimport[22m | 19_enhanced.png[39m[0m
[  20% ] [90m[1mreimport[22m | 18_original.png[39m[0m
[  20% ] [90m[1mreimport[22m | 18_enhanced.png[39m[0m
[  20% ] [90m[1mreimport[22m | 17_original.png[39m[0m
[  21% ] [90m[1mreimport[22m | 17_enhanced.png[39m[0m
[  21% ] [90m[1mreimport[22m | 16_original.png[39m[0m
[  21% ] [90m[1mreimport[22m | 16_enhanced.png[39m[0m
[  21% ] [90m[1mreimport[22m | 15_original.png[39m[0m
[  21% ] [90m[1mreimport[22m | 15_enhanced.png[39m[0m
[  21% ] [90m[1mreimport[22m | 14_original.png[39m[0m
[  21% ] [90m[1mreimport[22m | 14_enhanced.png[39m[0m
[  21% ] [90m[1mreimport[22m | 13_original.png[39m[0m
[  21% ] [90m[1mreimport[22m | 13_enhanced.png[39m[0m
[  21% ] [90m[1mreimport[22m | 12_original.png[39m[0m
[  21% ] [90m[1mreimport[22m | 09_original.png[39m[0m
[  21% ] [90m[1mreimport[22m | 09_enhanced.png[39m[0m
[  21% ] [90m[1mreimport[22m | 08_original.png[39m[0m
[  22% ] [90m[1mreimport[22m | 08_enhanced.png[39m[0m
[  22% ] [90m[1mreimport[22m | 07_original.png[39m[0m
[  22% ] [90m[1mreimport[22m | 07_enhanced.png[39m[0m
[  22% ] [90m[1mreimport[22m | 06_original.png[39m[0m
[  22% ] [90m[1mreimport[22m | 06_enhanced.png[39m[0m
[  22% ] [90m[1mreimport[22m | 05_original.png[39m[0m
[  22% ] [90m[1mreimport[22m | 05_enhanced.png[39m[0m
[  22% ] [90m[1mreimport[22m | 04_original.png[39m[0m
[  22% ] [90m[1mreimport[22m | 04_enhanced.png[39m[0m
[  22% ] [90m[1mreimport[22m | 20_original.png[39m[0m
[  22% ] [90m[1mreimport[22m | 20_enhanced.png[39m[0m
[  22% ] [90m[1mreimport[22m | 19_original.png[39m[0m
[  22% ] [90m[1mreimport[22m | 19_enhanced.png[39m[0m
[  23% ] [90m[1mreimport[22m | 18_original.png[39m[0m
[  23% ] [90m[1mreimport[22m | 18_enhanced.png[39m[0m
[  23% ] [90m[1mreimport[22m | 17_original.png[39m[0m
[  23% ] [90m[1mreimport[22m | 17_enhanced.png[39m[0m
[  23% ] [90m[1mreimport[22m | 19_original.png[39m[0m
[  23% ] [90m[1mreimport[22m | 19_enhanced.png[39m[0m
[  23% ] [90m[1mreimport[22m | 18_original.png[39m[0m
[  23% ] [90m[1mreimport[22m | 18_enhanced.png[39m[0m
[  23% ] [90m[1mreimport[22m | 17_original.png[39m[0m
[  23% ] [90m[1mreimport[22m | 17_enhanced.png[39m[0m
[  23% ] [90m[1mreimport[22m | 16_original.png[39m[0m
[  23% ] [90m[1mreimport[22m | 16_enhanced.png[39m[0m
[  24% ] [90m[1mreimport[22m | 15_original.png[39m[0m
[  24% ] [90m[1mreimport[22m | 15_enhanced.png[39m[0m
[  24% ] [90m[1mreimport[22m | 14_original.png[39m[0m
[  24% ] [90m[1mreimport[22m | 14_enhanced.png[39m[0m
[  24% ] [90m[1mreimport[22m | 13_original.png[39m[0m
[  24% ] [90m[1mreimport[22m | 13_enhanced.png[39m[0m
[  24% ] [90m[1mreimport[22m | 12_original.png[39m[0m
[  24% ] [90m[1mreimport[22m | 12_enhanced.png[39m[0m
[  24% ] [90m[1mreimport[22m | 11_original.png[39m[0m
[  24% ] [90m[1mreimport[22m | 11_enhanced.png[39m[0m
[  24% ] [90m[1mreimport[22m | 10_original.png[39m[0m
[  24% ] [90m[1mreimport[22m | 10_enhanced.png[39m[0m
[  24% ] [90m[1mreimport[22m | crateria_reference.png[39m[0m
[  25% ] [90m[1mreimport[22m | zoomer_original.png[39m[0m
[  25% ] [90m[1mreimport[22m | zoomer_enhanced.png[39m[0m
[  25% ] [90m[1mreimport[22m | skree_original.png[39m[0m
[  25% ] [90m[1mreimport[22m | skree_enhanced.png[39m[0m
[  25% ] [90m[1mreimport[22m | ship_original.png[39m[0m
[  25% ] [90m[1mreimport[22m | ship_enhanced.png[39m[0m
[  25% ] [90m[1mreimport[22m | ripper_original.png[39m[0m
[  25% ] [90m[1mreimport[22m | ripper_enhanced.png[39m[0m
[  25% ] [90m[1mreimport[22m | pirate_wall_original.png[39m[0m
[  25% ] [90m[1mreimport[22m | pirate_wall_enhanced.png[39m[0m
[  25% ] [90m[1mreimport[22m | pirate_walking_original.png[39m[0m
[  25% ] [90m[1mreimport[22m | pirate_walking_enhanced.png[39m[0m
[  26% ] [90m[1mreimport[22m | pirate_laser_original.png[39m[0m
[  26% ] [90m[1mreimport[22m | pirate_laser_enhanced.png[39m[0m
[  26% ] [90m[1mreimport[22m | F793_tiles.png[39m[0m
[  26% ] [90m[1mreimport[22m | F753_tiles.png[39m[0m
[  26% ] [90m[1mreimport[22m | F713_tiles.png[39m[0m
[  26% ] [90m[1mreimport[22m | F693_tiles.png[39m[0m
[  26% ] [90m[1mreimport[22m | front_original.png[39m[0m
[  26% ] [90m[1mreimport[22m | front_enhanced.png[39m[0m
[  26% ] [90m[1mreimport[22m | fall_original.png[39m[0m
[  26% ] [90m[1mreimport[22m | fall_left_original.png[39m[0m
[  26% ] [90m[1mreimport[22m | fall_left_enhanced.png[39m[0m
[  26% ] [90m[1mreimport[22m | fall_enhanced.png[39m[0m
[  26% ] [90m[1mreimport[22m | crouch_original.png[39m[0m
[  27% ] [90m[1mreimport[22m | crouch_left_original.png[39m[0m
[  27% ] [90m[1mreimport[22m | crouch_left_enhanced.png[39m[0m
[  27% ] [90m[1mreimport[22m | crouch_enhanced.png[39m[0m
[  27% ] [90m[1mreimport[22m | aim_up_original.png[39m[0m
[  27% ] [90m[1mreimport[22m | aim_up_left_original.png[39m[0m
[  27% ] [90m[1mreimport[22m | aim_up_left_enhanced.png[39m[0m
[  27% ] [90m[1mreimport[22m | aim_up_enhanced.png[39m[0m
[  27% ] [90m[1mreimport[22m | aim_diagonal_original.png[39m[0m
[  27% ] [90m[1mreimport[22m | aim_diagonal_left_original.png[39m[0m
[  27% ] [90m[1mreimport[22m | aim_diagonal_left_enhanced.png[39m[0m
[  27% ] [90m[1mreimport[22m | aim_diagonal_enhanced.png[39m[0m
[  27% ] [90m[1mreimport[22m | samus_reference.png[39m[0m
[  28% ] [90m[1mreimport[22m | landing_site_original.png[39m[0m
[  28% ] [90m[1mreimport[22m | F3D3_tiles.png[39m[0m
[  28% ] [90m[1mreimport[22m | F2D3_tiles.png[39m[0m
[  28% ] [90m[1mreimport[22m | F1D3_tiles.png[39m[0m
[  28% ] [90m[1mreimport[22m | F0FF_tiles.png[39m[0m
[  28% ] [90m[1mreimport[22m | F0BF_tiles.png[39m[0m
[  28% ] [90m[1mreimport[22m | elevator_original.png[39m[0m
[  28% ] [90m[1mreimport[22m | elevator_enhanced.png[39m[0m
[  28% ] [90m[1mreimport[22m | EFFF_tiles.png[39m[0m
[  28% ] [90m[1mreimport[22m | EFBF_tiles.png[39m[0m
[  28% ] [90m[1mreimport[22m | EF7F_tiles.png[39m[0m
[  28% ] [90m[1mreimport[22m | EF3F_tiles.png[39m[0m
[  28% ] [90m[1mreimport[22m | EEFF_tiles.png[39m[0m
[  29% ] [90m[1mreimport[22m | EEBF_tiles.png[39m[0m
[  29% ] [90m[1mreimport[22m | EDBF_tiles.png[39m[0m
[  29% ] [90m[1mreimport[22m | ED7F_tiles.png[39m[0m
[  29% ] [90m[1mreimport[22m | ED3F_tiles.png[39m[0m
[  29% ] [90m[1mreimport[22m | EC7F_tiles.png[39m[0m
[  29% ] [90m[1mreimport[22m | EC3F_tiles.png[39m[0m
[  29% ] [90m[1mreimport[22m | EBFF_tiles.png[39m[0m
[  29% ] [90m[1mreimport[22m | F653_tiles.png[39m[0m
[  29% ] [90m[1mreimport[22m | F613_tiles.png[39m[0m
[  29% ] [90m[1mreimport[22m | F593_tiles.png[39m[0m
[  29% ] [90m[1mreimport[22m | F553_tiles.png[39m[0m
[  29% ] [90m[1mreimport[22m | F513_tiles.png[39m[0m
[  29% ] [90m[1mreimport[22m | F493_tiles.png[39m[0m
[  30% ] [90m[1mreimport[22m | F453_tiles.png[39m[0m
[  30% ] [90m[1mreimport[22m | F413_tiles.png[39m[0m
[  30% ] [90m[1mreimport[22m | F393_tiles.png[39m[0m
[  30% ] [90m[1mreimport[22m | F353_tiles.png[39m[0m
[  30% ] [90m[1mreimport[22m | F313_tiles.png[39m[0m
[  30% ] [90m[1mreimport[22m | F293_tiles.png[39m[0m
[  30% ] [90m[1mreimport[22m | F253_tiles.png[39m[0m
[  30% ] [90m[1mreimport[22m | F213_tiles.png[39m[0m
[  30% ] [90m[1mreimport[22m | F193_tiles.png[39m[0m
[  30% ] [90m[1mreimport[22m | F07F_tiles.png[39m[0m
[  30% ] [90m[1mreimport[22m | F6D3_tiles.png[39m[0m
[  30% ] [90m[1mreimport[22m | F5D3_tiles.png[39m[0m
[  31% ] [90m[1mreimport[22m | F4D3_tiles.png[39m[0m
[  31% ] [90m[1mreimport[22m | F03F_tiles.png[39m[0m
[  31% ] [90m[1mreimport[22m | 19_enhanced.png[39m[0m
[  31% ] [90m[1mreimport[22m | 18_original.png[39m[0m
[  31% ] [90m[1mreimport[22m | 18_enhanced.png[39m[0m
[  31% ] [90m[1mreimport[22m | 17_original.png[39m[0m
[  31% ] [90m[1mreimport[22m | 17_enhanced.png[39m[0m
[  31% ] [90m[1mreimport[22m | 16_original.png[39m[0m
[  31% ] [90m[1mreimport[22m | 16_enhanced.png[39m[0m
[  31% ] [90m[1mreimport[22m | 15_original.png[39m[0m
[  31% ] [90m[1mreimport[22m | 15_enhanced.png[39m[0m
[  31% ] [90m[1mreimport[22m | 14_original.png[39m[0m
[  31% ] [90m[1mreimport[22m | 14_enhanced.png[39m[0m
[  32% ] [90m[1mreimport[22m | 13_original.png[39m[0m
[  32% ] [90m[1mreimport[22m | 13_enhanced.png[39m[0m
[  32% ] [90m[1mreimport[22m | 12_original.png[39m[0m
[  32% ] [90m[1mreimport[22m | 12_enhanced.png[39m[0m
[  32% ] [90m[1mreimport[22m | 11_original.png[39m[0m
[  32% ] [90m[1mreimport[22m | 11_enhanced.png[39m[0m
[  32% ] [90m[1mreimport[22m | 10_original.png[39m[0m
[  32% ] [90m[1mreimport[22m | 10_enhanced.png[39m[0m
[  32% ] [90m[1mreimport[22m | crateria_backdrop.png[39m[0m
[  32% ] [90m[1mreimport[22m | 28_original.png[39m[0m
[  32% ] [90m[1mreimport[22m | 28_enhanced.png[39m[0m
[  32% ] [90m[1mreimport[22m | 27_original.png[39m[0m
[  33% ] [90m[1mreimport[22m | 27_enhanced.png[39m[0m
[  33% ] [90m[1mreimport[22m | 26_original.png[39m[0m
[  33% ] [90m[1mreimport[22m | 26_enhanced.png[39m[0m
[  33% ] [90m[1mreimport[22m | 25_original.png[39m[0m
[  33% ] [90m[1mreimport[22m | 25_enhanced.png[39m[0m
[  33% ] [90m[1mreimport[22m | 24_original.png[39m[0m
[  33% ] [90m[1mreimport[22m | 24_enhanced.png[39m[0m
[  33% ] [90m[1mreimport[22m | 23_original.png[39m[0m
[  33% ] [90m[1mreimport[22m | 23_enhanced.png[39m[0m
[  33% ] [90m[1mreimport[22m | 22_original.png[39m[0m
[  33% ] [90m[1mreimport[22m | 22_enhanced.png[39m[0m
[  33% ] [90m[1mreimport[22m | 21_original.png[39m[0m
[  33% ] [90m[1mreimport[22m | 21_enhanced.png[39m[0m
[  34% ] [90m[1mreimport[22m | 20_original.png[39m[0m
[  34% ] [90m[1mreimport[22m | 20_enhanced.png[39m[0m
[  34% ] [90m[1mreimport[22m | 19_original.png[39m[0m
[  34% ] [90m[1mreimport[22m | spin_original.png[39m[0m
[  34% ] [90m[1mreimport[22m | spin_left_original.png[39m[0m
[  34% ] [90m[1mreimport[22m | spin_left_enhanced.png[39m[0m
[  34% ] [90m[1mreimport[22m | spin_enhanced.png[39m[0m
[  34% ] [90m[1mreimport[22m | run_original.png[39m[0m
[  34% ] [90m[1mreimport[22m | run_left_original.png[39m[0m
[  34% ] [90m[1mreimport[22m | run_left_enhanced.png[39m[0m
[  34% ] [90m[1mreimport[22m | run_enhanced.png[39m[0m
[  34% ] [90m[1mreimport[22m | morph_original.png[39m[0m
[  35% ] [90m[1mreimport[22m | morph_left_original.png[39m[0m
[  35% ] [90m[1mreimport[22m | morph_left_enhanced.png[39m[0m
[  35% ] [90m[1mreimport[22m | morph_enhanced.png[39m[0m
[  35% ] [90m[1mreimport[22m | jump_original.png[39m[0m
[  35% ] [90m[1mreimport[22m | jump_left_original.png[39m[0m
[  35% ] [90m[1mreimport[22m | jump_left_enhanced.png[39m[0m
[  35% ] [90m[1mreimport[22m | jump_enhanced.png[39m[0m
[  35% ] [90m[1mreimport[22m | idle_original.png[39m[0m
[  35% ] [90m[1mreimport[22m | idle_left_original.png[39m[0m
[  35% ] [90m[1mreimport[22m | idle_left_enhanced.png[39m[0m
[  35% ] [90m[1mreimport[22m | idle_enhanced.png[39m[0m
[  35% ] [90m[1mreimport[22m | 09_original.png[39m[0m
[  35% ] [90m[1mreimport[22m | 09_enhanced.png[39m[0m
[  36% ] [90m[1mreimport[22m | 08_original.png[39m[0m
[  36% ] [90m[1mreimport[22m | 08_enhanced.png[39m[0m
[  36% ] [90m[1mreimport[22m | 07_original.png[39m[0m
[  36% ] [90m[1mreimport[22m | 07_enhanced.png[39m[0m
[  36% ] [90m[1mreimport[22m | 06_original.png[39m[0m
[  36% ] [90m[1mreimport[22m | 06_enhanced.png[39m[0m
[  36% ] [90m[1mreimport[22m | 05_original.png[39m[0m
[  36% ] [90m[1mreimport[22m | 05_enhanced.png[39m[0m
[  36% ] [90m[1mreimport[22m | 04_original.png[39m[0m
[  36% ] [90m[1mreimport[22m | 04_enhanced.png[39m[0m
[  36% ] [90m[1mreimport[22m | 03_original.png[39m[0m
[  36% ] [90m[1mreimport[22m | 03_enhanced.png[39m[0m
[  36% ] [90m[1mreimport[22m | 02_original.png[39m[0m
[  37% ] [90m[1mreimport[22m | 02_enhanced.png[39m[0m
[  37% ] [90m[1mreimport[22m | 01_original.png[39m[0m
[  37% ] [90m[1mreimport[22m | 01_enhanced.png[39m[0m
[  37% ] [90m[1mreimport[22m | 00_original.png[39m[0m
[  37% ] [90m[1mreimport[22m | 00_enhanced.png[39m[0m
[  37% ] [90m[1mreimport[22m | D3FF_tiles.png[39m[0m
[  37% ] [90m[1mreimport[22m | D3BF_tiles.png[39m[0m
[  37% ] [90m[1mreimport[22m | D2FF_tiles.png[39m[0m
[  37% ] [90m[1mreimport[22m | D2BF_tiles.png[39m[0m
[  37% ] [90m[1mreimport[22m | D1FF_tiles.png[39m[0m
[  37% ] [90m[1mreimport[22m | D1BF_tiles.png[39m[0m
[  37% ] [90m[1mreimport[22m | D0FF_tiles.png[39m[0m
[  38% ] [90m[1mreimport[22m | D0BF_tiles.png[39m[0m
[  38% ] [90m[1mreimport[22m | CFFF_tiles.png[39m[0m
[  38% ] [90m[1mreimport[22m | CFBF_tiles.png[39m[0m
[  38% ] [90m[1mreimport[22m | CF7F_tiles.png[39m[0m
[  38% ] [90m[1mreimport[22m | CF3F_tiles.png[39m[0m
[  38% ] [90m[1mreimport[22m | CEFF_tiles.png[39m[0m
[  38% ] [90m[1mreimport[22m | CEBF_tiles.png[39m[0m
[  38% ] [90m[1mreimport[22m | 20_original.png[39m[0m
[  38% ] [90m[1mreimport[22m | 20_enhanced.png[39m[0m
[  38% ] [90m[1mreimport[22m | 19_original.png[39m[0m
[  38% ] [90m[1mreimport[22m | 19_enhanced.png[39m[0m
[  38% ] [90m[1mreimport[22m | 18_original.png[39m[0m
[  38% ] [90m[1mreimport[22m | D37F_tiles.png[39m[0m
[  39% ] [90m[1mreimport[22m | D33F_tiles.png[39m[0m
[  39% ] [90m[1mreimport[22m | D27F_tiles.png[39m[0m
[  39% ] [90m[1mreimport[22m | D23F_tiles.png[39m[0m
[  39% ] [90m[1mreimport[22m | D17F_tiles.png[39m[0m
[  39% ] [90m[1mreimport[22m | D13F_tiles.png[39m[0m
[  39% ] [90m[1mreimport[22m | D9FF_tiles.png[39m[0m
[  39% ] [90m[1mreimport[22m | D9BF_tiles.png[39m[0m
[  39% ] [90m[1mreimport[22m | D8FF_tiles.png[39m[0m
[  39% ] [90m[1mreimport[22m | D8BF_tiles.png[39m[0m
[  39% ] [90m[1mreimport[22m | D07F_tiles.png[39m[0m
[  39% ] [90m[1mreimport[22m | D7FF_tiles.png[39m[0m
[  39% ] [90m[1mreimport[22m | D7BF_tiles.png[39m[0m
[  40% ] [90m[1mreimport[22m | D6FF_tiles.png[39m[0m
[  40% ] [90m[1mreimport[22m | D6BF_tiles.png[39m[0m
[  40% ] [90m[1mreimport[22m | D5FF_tiles.png[39m[0m
[  40% ] [90m[1mreimport[22m | D5BF_tiles.png[39m[0m
[  40% ] [90m[1mreimport[22m | D4FF_tiles.png[39m[0m
[  40% ] [90m[1mreimport[22m | D4BF_tiles.png[39m[0m
[  40% ] [90m[1mreimport[22m | D03F_tiles.png[39m[0m
[  40% ] [90m[1mreimport[22m | 08_enhanced.png[39m[0m
[  40% ] [90m[1mreimport[22m | 07_original.png[39m[0m
[  40% ] [90m[1mreimport[22m | 07_enhanced.png[39m[0m
[  40% ] [90m[1mreimport[22m | 06_original.png[39m[0m
[  40% ] [90m[1mreimport[22m | 06_enhanced.png[39m[0m
[  40% ] [90m[1mreimport[22m | 05_original.png[39m[0m
[  41% ] [90m[1mreimport[22m | 05_enhanced.png[39m[0m
[  41% ] [90m[1mreimport[22m | 04_original.png[39m[0m
[  41% ] [90m[1mreimport[22m | 04_enhanced.png[39m[0m
[  41% ] [90m[1mreimport[22m | 20_original.png[39m[0m
[  41% ] [90m[1mreimport[22m | 20_enhanced.png[39m[0m
[  41% ] [90m[1mreimport[22m | 19_original.png[39m[0m
[  41% ] [90m[1mreimport[22m | 19_enhanced.png[39m[0m
[  41% ] [90m[1mreimport[22m | 18_original.png[39m[0m
[  41% ] [90m[1mreimport[22m | 18_enhanced.png[39m[0m
[  41% ] [90m[1mreimport[22m | 17_original.png[39m[0m
[  41% ] [90m[1mreimport[22m | 17_enhanced.png[39m[0m
[  41% ] [90m[1mreimport[22m | 16_original.png[39m[0m
[  42% ] [90m[1mreimport[22m | 16_enhanced.png[39m[0m
[  42% ] [90m[1mreimport[22m | 18_enhanced.png[39m[0m
[  42% ] [90m[1mreimport[22m | 17_original.png[39m[0m
[  42% ] [90m[1mreimport[22m | 17_enhanced.png[39m[0m
[  42% ] [90m[1mreimport[22m | 16_original.png[39m[0m
[  42% ] [90m[1mreimport[22m | 16_enhanced.png[39m[0m
[  42% ] [90m[1mreimport[22m | 15_original.png[39m[0m
[  42% ] [90m[1mreimport[22m | 15_enhanced.png[39m[0m
[  42% ] [90m[1mreimport[22m | 14_original.png[39m[0m
[  42% ] [90m[1mreimport[22m | 14_enhanced.png[39m[0m
[  42% ] [90m[1mreimport[22m | 13_original.png[39m[0m
[  42% ] [90m[1mreimport[22m | 13_enhanced.png[39m[0m
[  42% ] [90m[1mreimport[22m | 12_original.png[39m[0m
[  43% ] [90m[1mreimport[22m | 12_enhanced.png[39m[0m
[  43% ] [90m[1mreimport[22m | 11_original.png[39m[0m
[  43% ] [90m[1mreimport[22m | 11_enhanced.png[39m[0m
[  43% ] [90m[1mreimport[22m | 10_original.png[39m[0m
[  43% ] [90m[1mreimport[22m | 10_enhanced.png[39m[0m
[  43% ] [90m[1mreimport[22m | 09_original.png[39m[0m
[  43% ] [90m[1mreimport[22m | 09_enhanced.png[39m[0m
[  43% ] [90m[1mreimport[22m | 08_original.png[39m[0m
[  43% ] [90m[1mreimport[22m | E33F_tiles.png[39m[0m
[  43% ] [90m[1mreimport[22m | E23F_tiles.png[39m[0m
[  43% ] [90m[1mreimport[22m | E17F_tiles.png[39m[0m
[  43% ] [90m[1mreimport[22m | E13F_tiles.png[39m[0m
[  43% ] [90m[1mreimport[22m | E9FF_tiles.png[39m[0m
[  44% ] [90m[1mreimport[22m | E9BF_tiles.png[39m[0m
[  44% ] [90m[1mreimport[22m | E8FF_tiles.png[39m[0m
[  44% ] [90m[1mreimport[22m | E8BF_tiles.png[39m[0m
[  44% ] [90m[1mreimport[22m | E07F_tiles.png[39m[0m
[  44% ] [90m[1mreimport[22m | E7FF_tiles.png[39m[0m
[  44% ] [90m[1mreimport[22m | E7BF_tiles.png[39m[0m
[  44% ] [90m[1mreimport[22m | E6FF_tiles.png[39m[0m
[  44% ] [90m[1mreimport[22m | E6BF_tiles.png[39m[0m
[  44% ] [90m[1mreimport[22m | E5FF_tiles.png[39m[0m
[  44% ] [90m[1mreimport[22m | E5BF_tiles.png[39m[0m
[  44% ] [90m[1mreimport[22m | E4FF_tiles.png[39m[0m
[  44% ] [90m[1mreimport[22m | E4BF_tiles.png[39m[0m
[  45% ] [90m[1mreimport[22m | E03F_tiles.png[39m[0m
[  45% ] [90m[1mreimport[22m | E3FF_tiles.png[39m[0m
[  45% ] [90m[1mreimport[22m | EBBF_tiles.png[39m[0m
[  45% ] [90m[1mreimport[22m | EB7F_tiles.png[39m[0m
[  45% ] [90m[1mreimport[22m | EB3F_tiles.png[39m[0m
[  45% ] [90m[1mreimport[22m | EAFF_tiles.png[39m[0m
[  45% ] [90m[1mreimport[22m | EABF_tiles.png[39m[0m
[  45% ] [90m[1mreimport[22m | EA7F_tiles.png[39m[0m
[  45% ] [90m[1mreimport[22m | EA3F_tiles.png[39m[0m
[  45% ] [90m[1mreimport[22m | E97F_tiles.png[39m[0m
[  45% ] [90m[1mreimport[22m | E93F_tiles.png[39m[0m
[  45% ] [90m[1mreimport[22m | E87F_tiles.png[39m[0m
[  45% ] [90m[1mreimport[22m | E83F_tiles.png[39m[0m
[  46% ] [90m[1mreimport[22m | E77F_tiles.png[39m[0m
[  46% ] [90m[1mreimport[22m | E73F_tiles.png[39m[0m
[  46% ] [90m[1mreimport[22m | E67F_tiles.png[39m[0m
[  46% ] [90m[1mreimport[22m | E63F_tiles.png[39m[0m
[  46% ] [90m[1mreimport[22m | E57F_tiles.png[39m[0m
[  46% ] [90m[1mreimport[22m | E53F_tiles.png[39m[0m
[  46% ] [90m[1mreimport[22m | E47F_tiles.png[39m[0m
[  46% ] [90m[1mreimport[22m | E43F_tiles.png[39m[0m
[  46% ] [90m[1mreimport[22m | E37F_tiles.png[39m[0m
[  46% ] [90m[1mreimport[22m | DC7F_tiles.png[39m[0m
[  46% ] [90m[1mreimport[22m | DC3F_tiles.png[39m[0m
[  46% ] [90m[1mreimport[22m | DBFF_tiles.png[39m[0m
[  47% ] [90m[1mreimport[22m | DBBF_tiles.png[39m[0m
[  47% ] [90m[1mreimport[22m | DB7F_tiles.png[39m[0m
[  47% ] [90m[1mreimport[22m | DB3F_tiles.png[39m[0m
[  47% ] [90m[1mreimport[22m | DABF_tiles.png[39m[0m
[  47% ] [90m[1mreimport[22m | DA7F_tiles.png[39m[0m
[  47% ] [90m[1mreimport[22m | DA3F_tiles.png[39m[0m
[  47% ] [90m[1mreimport[22m | D97F_tiles.png[39m[0m
[  47% ] [90m[1mreimport[22m | D93F_tiles.png[39m[0m
[  47% ] [90m[1mreimport[22m | D87F_tiles.png[39m[0m
[  47% ] [90m[1mreimport[22m | D83F_tiles.png[39m[0m
[  47% ] [90m[1mreimport[22m | D77F_tiles.png[39m[0m
[  47% ] [90m[1mreimport[22m | D67F_tiles.png[39m[0m
[  47% ] [90m[1mreimport[22m | D63F_tiles.png[39m[0m
[  48% ] [90m[1mreimport[22m | D57F_tiles.png[39m[0m
[  48% ] [90m[1mreimport[22m | D53F_tiles.png[39m[0m
[  48% ] [90m[1mreimport[22m | D47F_tiles.png[39m[0m
[  48% ] [90m[1mreimport[22m | D43F_tiles.png[39m[0m
[  48% ] [90m[1mreimport[22m | E3BF_tiles.png[39m[0m
[  48% ] [90m[1mreimport[22m | E2FF_tiles.png[39m[0m
[  48% ] [90m[1mreimport[22m | E2BF_tiles.png[39m[0m
[  48% ] [90m[1mreimport[22m | E1BF_tiles.png[39m[0m
[  48% ] [90m[1mreimport[22m | E0FF_tiles.png[39m[0m
[  48% ] [90m[1mreimport[22m | E0BF_tiles.png[39m[0m
[  48% ] [90m[1mreimport[22m | DFFF_tiles.png[39m[0m
[  48% ] [90m[1mreimport[22m | DFBF_tiles.png[39m[0m
[  49% ] [90m[1mreimport[22m | DF7F_tiles.png[39m[0m
[  49% ] [90m[1mreimport[22m | DF3F_tiles.png[39m[0m
[  49% ] [90m[1mreimport[22m | DEFF_tiles.png[39m[0m
[  49% ] [90m[1mreimport[22m | DEBF_tiles.png[39m[0m
[  49% ] [90m[1mreimport[22m | DE7F_tiles.png[39m[0m
[  49% ] [90m[1mreimport[22m | DE3F_tiles.png[39m[0m
[  49% ] [90m[1mreimport[22m | DDFF_tiles.png[39m[0m
[  49% ] [90m[1mreimport[22m | DDBF_tiles.png[39m[0m
[  49% ] [90m[1mreimport[22m | DD7F_tiles.png[39m[0m
[  49% ] [90m[1mreimport[22m | DD3F_tiles.png[39m[0m
[  49% ] [90m[1mreimport[22m | DCFF_tiles.png[39m[0m
[  49% ] [90m[1mreimport[22m | DCBF_tiles.png[39m[0m
[  49% ] [90m[1mreimport[22m | 09_enhanced.png[39m[0m
[  50% ] [90m[1mreimport[22m | 08_original.png[39m[0m
[  50% ] [90m[1mreimport[22m | 08_enhanced.png[39m[0m
[  50% ] [90m[1mreimport[22m | 07_original.png[39m[0m
[  50% ] [90m[1mreimport[22m | 07_enhanced.png[39m[0m
[  50% ] [90m[1mreimport[22m | 06_original.png[39m[0m
[  50% ] [90m[1mreimport[22m | 06_enhanced.png[39m[0m
[  50% ] [90m[1mreimport[22m | 05_original.png[39m[0m
[  50% ] [90m[1mreimport[22m | 05_enhanced.png[39m[0m
[  50% ] [90m[1mreimport[22m | 04_original.png[39m[0m
[  50% ] [90m[1mreimport[22m | 04_enhanced.png[39m[0m
[  50% ] [90m[1mreimport[22m | 20_original.png[39m[0m
[  50% ] [90m[1mreimport[22m | 20_enhanced.png[39m[0m
[  50% ] [90m[1mreimport[22m | 19_original.png[39m[0m
[  51% ] [90m[1mreimport[22m | 19_enhanced.png[39m[0m
[  51% ] [90m[1mreimport[22m | 18_original.png[39m[0m
[  51% ] [90m[1mreimport[22m | 18_enhanced.png[39m[0m
[  51% ] [90m[1mreimport[22m | 17_original.png[39m[0m
[  51% ] [90m[1mreimport[22m | 17_enhanced.png[39m[0m
[  51% ] [90m[1mreimport[22m | 19_enhanced.png[39m[0m
[  51% ] [90m[1mreimport[22m | 18_original.png[39m[0m
[  51% ] [90m[1mreimport[22m | 18_enhanced.png[39m[0m
[  51% ] [90m[1mreimport[22m | 17_original.png[39m[0m
[  51% ] [90m[1mreimport[22m | 17_enhanced.png[39m[0m
[  51% ] [90m[1mreimport[22m | 16_original.png[39m[0m
[  51% ] [90m[1mreimport[22m | 16_enhanced.png[39m[0m
[  52% ] [90m[1mreimport[22m | 15_original.png[39m[0m
[  52% ] [90m[1mreimport[22m | 15_enhanced.png[39m[0m
[  52% ] [90m[1mreimport[22m | 14_original.png[39m[0m
[  52% ] [90m[1mreimport[22m | 14_enhanced.png[39m[0m
[  52% ] [90m[1mreimport[22m | 13_original.png[39m[0m
[  52% ] [90m[1mreimport[22m | 13_enhanced.png[39m[0m
[  52% ] [90m[1mreimport[22m | 12_original.png[39m[0m
[  52% ] [90m[1mreimport[22m | 12_enhanced.png[39m[0m
[  52% ] [90m[1mreimport[22m | 11_original.png[39m[0m
[  52% ] [90m[1mreimport[22m | 11_enhanced.png[39m[0m
[  52% ] [90m[1mreimport[22m | 10_original.png[39m[0m
[  52% ] [90m[1mreimport[22m | 10_enhanced.png[39m[0m
[  52% ] [90m[1mreimport[22m | 09_original.png[39m[0m
[  53% ] [90m[1mreimport[22m | 06_original.png[39m[0m
[  53% ] [90m[1mreimport[22m | 06_enhanced.png[39m[0m
[  53% ] [90m[1mreimport[22m | 05_original.png[39m[0m
[  53% ] [90m[1mreimport[22m | 05_enhanced.png[39m[0m
[  53% ] [90m[1mreimport[22m | 04_original.png[39m[0m
[  53% ] [90m[1mreimport[22m | 04_enhanced.png[39m[0m
[  53% ] [90m[1mreimport[22m | 20_original.png[39m[0m
[  53% ] [90m[1mreimport[22m | 20_enhanced.png[39m[0m
[  53% ] [90m[1mreimport[22m | 19_original.png[39m[0m
[  53% ] [90m[1mreimport[22m | 19_enhanced.png[39m[0m
[  53% ] [90m[1mreimport[22m | 18_original.png[39m[0m
[  53% ] [90m[1mreimport[22m | 18_enhanced.png[39m[0m
[  54% ] [90m[1mreimport[22m | 17_original.png[39m[0m
[  54% ] [90m[1mreimport[22m | 17_enhanced.png[39m[0m
[  54% ] [90m[1mreimport[22m | 16_original.png[39m[0m
[  54% ] [90m[1mreimport[22m | 16_enhanced.png[39m[0m
[  54% ] [90m[1mreimport[22m | 15_original.png[39m[0m
[  54% ] [90m[1mreimport[22m | 15_enhanced.png[39m[0m
[  54% ] [90m[1mreimport[22m | 14_original.png[39m[0m
[  54% ] [90m[1mreimport[22m | 16_original.png[39m[0m
[  54% ] [90m[1mreimport[22m | 16_enhanced.png[39m[0m
[  54% ] [90m[1mreimport[22m | 15_original.png[39m[0m
[  54% ] [90m[1mreimport[22m | 15_enhanced.png[39m[0m
[  54% ] [90m[1mreimport[22m | 14_original.png[39m[0m
[  54% ] [90m[1mreimport[22m | 14_enhanced.png[39m[0m
[  55% ] [90m[1mreimport[22m | 13_original.png[39m[0m
[  55% ] [90m[1mreimport[22m | 13_enhanced.png[39m[0m
[  55% ] [90m[1mreimport[22m | 12_original.png[39m[0m
[  55% ] [90m[1mreimport[22m | 12_enhanced.png[39m[0m
[  55% ] [90m[1mreimport[22m | 11_original.png[39m[0m
[  55% ] [90m[1mreimport[22m | 11_enhanced.png[39m[0m
[  55% ] [90m[1mreimport[22m | 10_original.png[39m[0m
[  55% ] [90m[1mreimport[22m | 10_enhanced.png[39m[0m
[  55% ] [90m[1mreimport[22m | 09_original.png[39m[0m
[  55% ] [90m[1mreimport[22m | 09_enhanced.png[39m[0m
[  55% ] [90m[1mreimport[22m | 08_original.png[39m[0m
[  55% ] [90m[1mreimport[22m | 08_enhanced.png[39m[0m
[  56% ] [90m[1mreimport[22m | 07_original.png[39m[0m
[  56% ] [90m[1mreimport[22m | 07_enhanced.png[39m[0m
[  56% ] [90m[1mreimport[22m | 14_original.png[39m[0m
[  56% ] [90m[1mreimport[22m | 14_enhanced.png[39m[0m
[  56% ] [90m[1mreimport[22m | 13_original.png[39m[0m
[  56% ] [90m[1mreimport[22m | 13_enhanced.png[39m[0m
[  56% ] [90m[1mreimport[22m | 12_original.png[39m[0m
[  56% ] [90m[1mreimport[22m | 12_enhanced.png[39m[0m
[  56% ] [90m[1mreimport[22m | 11_original.png[39m[0m
[  56% ] [90m[1mreimport[22m | 11_enhanced.png[39m[0m
[  56% ] [90m[1mreimport[22m | 10_original.png[39m[0m
[  56% ] [90m[1mreimport[22m | 10_enhanced.png[39m[0m
[  56% ] [90m[1mreimport[22m | 09_original.png[39m[0m
[  57% ] [90m[1mreimport[22m | 09_enhanced.png[39m[0m
[  57% ] [90m[1mreimport[22m | 08_original.png[39m[0m
[  57% ] [90m[1mreimport[22m | 08_enhanced.png[39m[0m
[  57% ] [90m[1mreimport[22m | 07_original.png[39m[0m
[  57% ] [90m[1mreimport[22m | 07_enhanced.png[39m[0m
[  57% ] [90m[1mreimport[22m | 06_original.png[39m[0m
[  57% ] [90m[1mreimport[22m | 06_enhanced.png[39m[0m
[  57% ] [90m[1mreimport[22m | 05_original.png[39m[0m
[  57% ] [90m[1mreimport[22m | 07_original.png[39m[0m
[  57% ] [90m[1mreimport[22m | 07_enhanced.png[39m[0m
[  57% ] [90m[1mreimport[22m | 06_original.png[39m[0m
[  57% ] [90m[1mreimport[22m | 06_enhanced.png[39m[0m
[  57% ] [90m[1mreimport[22m | 05_original.png[39m[0m
[  58% ] [90m[1mreimport[22m | 05_enhanced.png[39m[0m
[  58% ] [90m[1mreimport[22m | 04_original.png[39m[0m
[  58% ] [90m[1mreimport[22m | 04_enhanced.png[39m[0m
[  58% ] [90m[1mreimport[22m | 20_original.png[39m[0m
[  58% ] [90m[1mreimport[22m | 20_enhanced.png[39m[0m
[  58% ] [90m[1mreimport[22m | 19_original.png[39m[0m
[  58% ] [90m[1mreimport[22m | 19_enhanced.png[39m[0m
[  58% ] [90m[1mreimport[22m | 18_original.png[39m[0m
[  58% ] [90m[1mreimport[22m | 18_enhanced.png[39m[0m
[  58% ] [90m[1mreimport[22m | 17_original.png[39m[0m
[  58% ] [90m[1mreimport[22m | 17_enhanced.png[39m[0m
[  58% ] [90m[1mreimport[22m | 16_original.png[39m[0m
[  59% ] [90m[1mreimport[22m | 16_enhanced.png[39m[0m
[  59% ] [90m[1mreimport[22m | 15_original.png[39m[0m
[  59% ] [90m[1mreimport[22m | 15_enhanced.png[39m[0m
[  59% ] [90m[1mreimport[22m | 12_enhanced.png[39m[0m
[  59% ] [90m[1mreimport[22m | 11_original.png[39m[0m
[  59% ] [90m[1mreimport[22m | 11_enhanced.png[39m[0m
[  59% ] [90m[1mreimport[22m | 10_original.png[39m[0m
[  59% ] [90m[1mreimport[22m | 10_enhanced.png[39m[0m
[  59% ] [90m[1mreimport[22m | 09_original.png[39m[0m
[  59% ] [90m[1mreimport[22m | 09_enhanced.png[39m[0m
[  59% ] [90m[1mreimport[22m | 08_original.png[39m[0m
[  59% ] [90m[1mreimport[22m | 08_enhanced.png[39m[0m
[  59% ] [90m[1mreimport[22m | 07_original.png[39m[0m
[  60% ] [90m[1mreimport[22m | 07_enhanced.png[39m[0m
[  60% ] [90m[1mreimport[22m | 06_original.png[39m[0m
[  60% ] [90m[1mreimport[22m | 06_enhanced.png[39m[0m
[  60% ] [90m[1mreimport[22m | 05_original.png[39m[0m
[  60% ] [90m[1mreimport[22m | 05_enhanced.png[39m[0m
[  60% ] [90m[1mreimport[22m | 04_original.png[39m[0m
[  60% ] [90m[1mreimport[22m | 04_enhanced.png[39m[0m
[  60% ] [90m[1mreimport[22m | 20_original.png[39m[0m
[  60% ] [90m[1mreimport[22m | 20_enhanced.png[39m[0m
[  60% ] [90m[1mreimport[22m | 19_original.png[39m[0m
[  60% ] [90m[1mreimport[22m | 05_enhanced.png[39m[0m
[  60% ] [90m[1mreimport[22m | 04_original.png[39m[0m
[  61% ] [90m[1mreimport[22m | 04_enhanced.png[39m[0m
[  61% ] [90m[1mreimport[22m | 20_original.png[39m[0m
[  61% ] [90m[1mreimport[22m | 20_enhanced.png[39m[0m
[  61% ] [90m[1mreimport[22m | 19_original.png[39m[0m
[  61% ] [90m[1mreimport[22m | 19_enhanced.png[39m[0m
[  61% ] [90m[1mreimport[22m | 18_original.png[39m[0m
[  61% ] [90m[1mreimport[22m | 18_enhanced.png[39m[0m
[  61% ] [90m[1mreimport[22m | 17_original.png[39m[0m
[  61% ] [90m[1mreimport[22m | 17_enhanced.png[39m[0m
[  61% ] [90m[1mreimport[22m | 16_original.png[39m[0m
[  61% ] [90m[1mreimport[22m | 16_enhanced.png[39m[0m
[  61% ] [90m[1mreimport[22m | 15_original.png[39m[0m
[  61% ] [90m[1mreimport[22m | 15_enhanced.png[39m[0m
[  62% ] [90m[1mreimport[22m | 14_original.png[39m[0m
[  62% ] [90m[1mreimport[22m | 14_enhanced.png[39m[0m
[  62% ] [90m[1mreimport[22m | 13_original.png[39m[0m
[  62% ] [90m[1mreimport[22m | 13_enhanced.png[39m[0m
[  62% ] [90m[1mreimport[22m | 12_original.png[39m[0m
[  62% ] [90m[1mreimport[22m | 15_original.png[39m[0m
[  62% ] [90m[1mreimport[22m | 15_enhanced.png[39m[0m
[  62% ] [90m[1mreimport[22m | 14_original.png[39m[0m
[  62% ] [90m[1mreimport[22m | 14_enhanced.png[39m[0m
[  62% ] [90m[1mreimport[22m | 13_original.png[39m[0m
[  62% ] [90m[1mreimport[22m | 13_enhanced.png[39m[0m
[  62% ] [90m[1mreimport[22m | 12_original.png[39m[0m
[  63% ] [90m[1mreimport[22m | 12_enhanced.png[39m[0m
[  63% ] [90m[1mreimport[22m | 11_original.png[39m[0m
[  63% ] [90m[1mreimport[22m | 11_enhanced.png[39m[0m
[  63% ] [90m[1mreimport[22m | 10_original.png[39m[0m
[  63% ] [90m[1mreimport[22m | 10_enhanced.png[39m[0m
[  63% ] [90m[1mreimport[22m | 09_original.png[39m[0m
[  63% ] [90m[1mreimport[22m | 09_enhanced.png[39m[0m
[  63% ] [90m[1mreimport[22m | 08_original.png[39m[0m
[  63% ] [90m[1mreimport[22m | 08_enhanced.png[39m[0m
[  63% ] [90m[1mreimport[22m | 07_original.png[39m[0m
[  63% ] [90m[1mreimport[22m | 07_enhanced.png[39m[0m
[  63% ] [90m[1mreimport[22m | 06_original.png[39m[0m
[  63% ] [90m[1mreimport[22m | 08_original.png[39m[0m
[  64% ] [90m[1mreimport[22m | 08_enhanced.png[39m[0m
[  64% ] [90m[1mreimport[22m | 07_original.png[39m[0m
[  64% ] [90m[1mreimport[22m | 07_enhanced.png[39m[0m
[  64% ] [90m[1mreimport[22m | 06_original.png[39m[0m
[  64% ] [90m[1mreimport[22m | 06_enhanced.png[39m[0m
[  64% ] [90m[1mreimport[22m | 05_original.png[39m[0m
[  64% ] [90m[1mreimport[22m | 05_enhanced.png[39m[0m
[  64% ] [90m[1mreimport[22m | 04_original.png[39m[0m
[  64% ] [90m[1mreimport[22m | 04_enhanced.png[39m[0m
[  64% ] [90m[1mreimport[22m | 20_original.png[39m[0m
[  64% ] [90m[1mreimport[22m | 20_enhanced.png[39m[0m
[  64% ] [90m[1mreimport[22m | 19_original.png[39m[0m
[  64% ] [90m[1mreimport[22m | 19_enhanced.png[39m[0m
[  65% ] [90m[1mreimport[22m | 18_original.png[39m[0m
[  65% ] [90m[1mreimport[22m | 18_enhanced.png[39m[0m
[  65% ] [90m[1mreimport[22m | 17_original.png[39m[0m
[  65% ] [90m[1mreimport[22m | 17_enhanced.png[39m[0m
[  65% ] [90m[1mreimport[22m | 16_original.png[39m[0m
[  65% ] [90m[1mreimport[22m | 16_enhanced.png[39m[0m
[  65% ] [90m[1mreimport[22m | 13_enhanced.png[39m[0m
[  65% ] [90m[1mreimport[22m | 12_original.png[39m[0m
[  65% ] [90m[1mreimport[22m | 12_enhanced.png[39m[0m
[  65% ] [90m[1mreimport[22m | 11_original.png[39m[0m
[  65% ] [90m[1mreimport[22m | 11_enhanced.png[39m[0m
[  65% ] [90m[1mreimport[22m | 10_original.png[39m[0m
[  66% ] [90m[1mreimport[22m | 10_enhanced.png[39m[0m
[  66% ] [90m[1mreimport[22m | 09_original.png[39m[0m
[  66% ] [90m[1mreimport[22m | 09_enhanced.png[39m[0m
[  66% ] [90m[1mreimport[22m | 08_original.png[39m[0m
[  66% ] [90m[1mreimport[22m | 08_enhanced.png[39m[0m
[  66% ] [90m[1mreimport[22m | 07_original.png[39m[0m
[  66% ] [90m[1mreimport[22m | 07_enhanced.png[39m[0m
[  66% ] [90m[1mreimport[22m | 06_original.png[39m[0m
[  66% ] [90m[1mreimport[22m | 06_enhanced.png[39m[0m
[  66% ] [90m[1mreimport[22m | 05_original.png[39m[0m
[  66% ] [90m[1mreimport[22m | 05_enhanced.png[39m[0m
[  66% ] [90m[1mreimport[22m | 04_original.png[39m[0m
[  66% ] [90m[1mreimport[22m | 04_enhanced.png[39m[0m
[  67% ] [90m[1mreimport[22m | 06_enhanced.png[39m[0m
[  67% ] [90m[1mreimport[22m | 05_original.png[39m[0m
[  67% ] [90m[1mreimport[22m | 05_enhanced.png[39m[0m
[  67% ] [90m[1mreimport[22m | 04_original.png[39m[0m
[  67% ] [90m[1mreimport[22m | 04_enhanced.png[39m[0m
[  67% ] [90m[1mreimport[22m | 20_original.png[39m[0m
[  67% ] [90m[1mreimport[22m | 20_enhanced.png[39m[0m
[  67% ] [90m[1mreimport[22m | 19_original.png[39m[0m
[  67% ] [90m[1mreimport[22m | 19_enhanced.png[39m[0m
[  67% ] [90m[1mreimport[22m | 18_original.png[39m[0m
[  67% ] [90m[1mreimport[22m | 18_enhanced.png[39m[0m
[  67% ] [90m[1mreimport[22m | 17_original.png[39m[0m
[  68% ] [90m[1mreimport[22m | 17_enhanced.png[39m[0m
[  68% ] [90m[1mreimport[22m | 16_original.png[39m[0m
[  68% ] [90m[1mreimport[22m | 16_enhanced.png[39m[0m
[  68% ] [90m[1mreimport[22m | 15_original.png[39m[0m
[  68% ] [90m[1mreimport[22m | 15_enhanced.png[39m[0m
[  68% ] [90m[1mreimport[22m | 14_original.png[39m[0m
[  68% ] [90m[1mreimport[22m | 14_enhanced.png[39m[0m
[  68% ] [90m[1mreimport[22m | 13_original.png[39m[0m
[  68% ] [90m[1mreimport[22m | 04_enhanced.png[39m[0m
[  68% ] [90m[1mreimport[22m | 20_original.png[39m[0m
[  68% ] [90m[1mreimport[22m | 20_enhanced.png[39m[0m
[  68% ] [90m[1mreimport[22m | 19_original.png[39m[0m
[  68% ] [90m[1mreimport[22m | 19_enhanced.png[39m[0m
[  69% ] [90m[1mreimport[22m | 18_original.png[39m[0m
[  69% ] [90m[1mreimport[22m | 18_enhanced.png[39m[0m
[  69% ] [90m[1mreimport[22m | 17_original.png[39m[0m
[  69% ] [90m[1mreimport[22m | 17_enhanced.png[39m[0m
[  69% ] [90m[1mreimport[22m | 16_original.png[39m[0m
[  69% ] [90m[1mreimport[22m | 16_enhanced.png[39m[0m
[  69% ] [90m[1mreimport[22m | 15_original.png[39m[0m
[  69% ] [90m[1mreimport[22m | 15_enhanced.png[39m[0m
[  69% ] [90m[1mreimport[22m | 14_original.png[39m[0m
[  69% ] [90m[1mreimport[22m | 14_enhanced.png[39m[0m
[  69% ] [90m[1mreimport[22m | 13_original.png[39m[0m
[  69% ] [90m[1mreimport[22m | 13_enhanced.png[39m[0m
[  70% ] [90m[1mreimport[22m | 12_original.png[39m[0m
[  70% ] [90m[1mreimport[22m | 12_enhanced.png[39m[0m
[  70% ] [90m[1mreimport[22m | 14_enhanced.png[39m[0m
[  70% ] [90m[1mreimport[22m | 13_original.png[39m[0m
[  70% ] [90m[1mreimport[22m | 13_enhanced.png[39m[0m
[  70% ] [90m[1mreimport[22m | 12_original.png[39m[0m
[  70% ] [90m[1mreimport[22m | 12_enhanced.png[39m[0m
[  70% ] [90m[1mreimport[22m | 11_original.png[39m[0m
[  70% ] [90m[1mreimport[22m | 11_enhanced.png[39m[0m
[  70% ] [90m[1mreimport[22m | 10_original.png[39m[0m
[  70% ] [90m[1mreimport[22m | 10_enhanced.png[39m[0m
[  70% ] [90m[1mreimport[22m | 09_original.png[39m[0m
[  70% ] [90m[1mreimport[22m | 09_enhanced.png[39m[0m
[  71% ] [90m[1mreimport[22m | 08_original.png[39m[0m
[  71% ] [90m[1mreimport[22m | 08_enhanced.png[39m[0m
[  71% ] [90m[1mreimport[22m | 07_original.png[39m[0m
[  71% ] [90m[1mreimport[22m | 07_enhanced.png[39m[0m
[  71% ] [90m[1mreimport[22m | 06_original.png[39m[0m
[  71% ] [90m[1mreimport[22m | 06_enhanced.png[39m[0m
[  71% ] [90m[1mreimport[22m | 05_original.png[39m[0m
[  71% ] [90m[1mreimport[22m | 05_enhanced.png[39m[0m
[  71% ] [90m[1mreimport[22m | 04_original.png[39m[0m
[  71% ] [90m[1mreimport[22m | 18_original.png[39m[0m
[  71% ] [90m[1mreimport[22m | 18_enhanced.png[39m[0m
[  71% ] [90m[1mreimport[22m | 17_original.png[39m[0m
[  71% ] [90m[1mreimport[22m | 17_enhanced.png[39m[0m
[  72% ] [90m[1mreimport[22m | 16_original.png[39m[0m
[  72% ] [90m[1mreimport[22m | 16_enhanced.png[39m[0m
[  72% ] [90m[1mreimport[22m | 15_original.png[39m[0m
[  72% ] [90m[1mreimport[22m | 15_enhanced.png[39m[0m
[  72% ] [90m[1mreimport[22m | 14_original.png[39m[0m
[  72% ] [90m[1mreimport[22m | 14_enhanced.png[39m[0m
[  72% ] [90m[1mreimport[22m | 13_original.png[39m[0m
[  72% ] [90m[1mreimport[22m | 13_enhanced.png[39m[0m
[  72% ] [90m[1mreimport[22m | 12_original.png[39m[0m
[  72% ] [90m[1mreimport[22m | 12_enhanced.png[39m[0m
[  72% ] [90m[1mreimport[22m | 11_original.png[39m[0m
[  72% ] [90m[1mreimport[22m | 11_enhanced.png[39m[0m
[  73% ] [90m[1mreimport[22m | 10_original.png[39m[0m
[  73% ] [90m[1mreimport[22m | 10_enhanced.png[39m[0m
[  73% ] [90m[1mreimport[22m | 09_original.png[39m[0m
[  73% ] [90m[1mreimport[22m | 09_enhanced.png[39m[0m
[  73% ] [90m[1mreimport[22m | 11_original.png[39m[0m
[  73% ] [90m[1mreimport[22m | 11_enhanced.png[39m[0m
[  73% ] [90m[1mreimport[22m | 10_original.png[39m[0m
[  73% ] [90m[1mreimport[22m | 10_enhanced.png[39m[0m
[  73% ] [90m[1mreimport[22m | 09_original.png[39m[0m
[  73% ] [90m[1mreimport[22m | 09_enhanced.png[39m[0m
[  73% ] [90m[1mreimport[22m | 08_original.png[39m[0m
[  73% ] [90m[1mreimport[22m | 08_enhanced.png[39m[0m
[  73% ] [90m[1mreimport[22m | 07_original.png[39m[0m
[  74% ] [90m[1mreimport[22m | 07_enhanced.png[39m[0m
[  74% ] [90m[1mreimport[22m | 06_original.png[39m[0m
[  74% ] [90m[1mreimport[22m | 06_enhanced.png[39m[0m
[  74% ] [90m[1mreimport[22m | 05_original.png[39m[0m
[  74% ] [90m[1mreimport[22m | 05_enhanced.png[39m[0m
[  74% ] [90m[1mreimport[22m | 04_original.png[39m[0m
[  74% ] [90m[1mreimport[22m | 04_enhanced.png[39m[0m
[  74% ] [90m[1mreimport[22m | 20_original.png[39m[0m
[  74% ] [90m[1mreimport[22m | 20_enhanced.png[39m[0m
[  74% ] [90m[1mreimport[22m | 19_original.png[39m[0m
[  74% ] [90m[1mreimport[22m | 19_enhanced.png[39m[0m
[  74% ] [90m[1mreimport[22m | 13_enhanced.png[39m[0m
[  75% ] [90m[1mreimport[22m | 12_original.png[39m[0m
[  75% ] [90m[1mreimport[22m | 12_enhanced.png[39m[0m
[  75% ] [90m[1mreimport[22m | 11_original.png[39m[0m
[  75% ] [90m[1mreimport[22m | 11_enhanced.png[39m[0m
[  75% ] [90m[1mreimport[22m | 10_original.png[39m[0m
[  75% ] [90m[1mreimport[22m | 10_enhanced.png[39m[0m
[  75% ] [90m[1mreimport[22m | 09_original.png[39m[0m
[  75% ] [90m[1mreimport[22m | 09_enhanced.png[39m[0m
[  75% ] [90m[1mreimport[22m | 08_original.png[39m[0m
[  75% ] [90m[1mreimport[22m | 08_enhanced.png[39m[0m
[  75% ] [90m[1mreimport[22m | 07_original.png[39m[0m
[  75% ] [90m[1mreimport[22m | 07_enhanced.png[39m[0m
[  75% ] [90m[1mreimport[22m | 06_original.png[39m[0m
[  76% ] [90m[1mreimport[22m | 06_enhanced.png[39m[0m
[  76% ] [90m[1mreimport[22m | 05_original.png[39m[0m
[  76% ] [90m[1mreimport[22m | 05_enhanced.png[39m[0m
[  76% ] [90m[1mreimport[22m | 04_original.png[39m[0m
[  76% ] [90m[1mreimport[22m | 04_enhanced.png[39m[0m
[  76% ] [90m[1mreimport[22m | 06_enhanced.png[39m[0m
[  76% ] [90m[1mreimport[22m | 05_original.png[39m[0m
[  76% ] [90m[1mreimport[22m | 05_enhanced.png[39m[0m
[  76% ] [90m[1mreimport[22m | 04_original.png[39m[0m
[  76% ] [90m[1mreimport[22m | 04_enhanced.png[39m[0m
[  76% ] [90m[1mreimport[22m | 20_original.png[39m[0m
[  76% ] [90m[1mreimport[22m | 20_enhanced.png[39m[0m
[  77% ] [90m[1mreimport[22m | 19_original.png[39m[0m
[  77% ] [90m[1mreimport[22m | 19_enhanced.png[39m[0m
[  77% ] [90m[1mreimport[22m | 18_original.png[39m[0m
[  77% ] [90m[1mreimport[22m | 18_enhanced.png[39m[0m
[  77% ] [90m[1mreimport[22m | 17_original.png[39m[0m
[  77% ] [90m[1mreimport[22m | 17_enhanced.png[39m[0m
[  77% ] [90m[1mreimport[22m | 16_original.png[39m[0m
[  77% ] [90m[1mreimport[22m | 16_enhanced.png[39m[0m
[  77% ] [90m[1mreimport[22m | 15_original.png[39m[0m
[  77% ] [90m[1mreimport[22m | 15_enhanced.png[39m[0m
[  77% ] [90m[1mreimport[22m | 14_original.png[39m[0m
[  77% ] [90m[1mreimport[22m | 14_enhanced.png[39m[0m
[  77% ] [90m[1mreimport[22m | 13_original.png[39m[0m
[  78% ] [90m[1mreimport[22m | 10_original.png[39m[0m
[  78% ] [90m[1mreimport[22m | 10_enhanced.png[39m[0m
[  78% ] [90m[1mreimport[22m | 09_original.png[39m[0m
[  78% ] [90m[1mreimport[22m | 09_enhanced.png[39m[0m
[  78% ] [90m[1mreimport[22m | 08_original.png[39m[0m
[  78% ] [90m[1mreimport[22m | 08_enhanced.png[39m[0m
[  78% ] [90m[1mreimport[22m | 07_original.png[39m[0m
[  78% ] [90m[1mreimport[22m | 07_enhanced.png[39m[0m
[  78% ] [90m[1mreimport[22m | 06_original.png[39m[0m
[  78% ] [90m[1mreimport[22m | 06_enhanced.png[39m[0m
[  78% ] [90m[1mreimport[22m | 05_original.png[39m[0m
[  78% ] [90m[1mreimport[22m | 05_enhanced.png[39m[0m
[  78% ] [90m[1mreimport[22m | 04_original.png[39m[0m
[  79% ] [90m[1mreimport[22m | 04_enhanced.png[39m[0m
[  79% ] [90m[1mreimport[22m | 20_original.png[39m[0m
[  79% ] [90m[1mreimport[22m | 20_enhanced.png[39m[0m
[  79% ] [90m[1mreimport[22m | 19_original.png[39m[0m
[  79% ] [90m[1mreimport[22m | 19_enhanced.png[39m[0m
[  79% ] [90m[1mreimport[22m | 18_original.png[39m[0m
[  79% ] [90m[1mreimport[22m | 20_original.png[39m[0m
[  79% ] [90m[1mreimport[22m | 20_enhanced.png[39m[0m
[  79% ] [90m[1mreimport[22m | 19_original.png[39m[0m
[  79% ] [90m[1mreimport[22m | 19_enhanced.png[39m[0m
[  79% ] [90m[1mreimport[22m | 18_original.png[39m[0m
[  79% ] [90m[1mreimport[22m | 18_enhanced.png[39m[0m
[  80% ] [90m[1mreimport[22m | 17_original.png[39m[0m
[  80% ] [90m[1mreimport[22m | 17_enhanced.png[39m[0m
[  80% ] [90m[1mreimport[22m | 16_original.png[39m[0m
[  80% ] [90m[1mreimport[22m | 16_enhanced.png[39m[0m
[  80% ] [90m[1mreimport[22m | 15_original.png[39m[0m
[  80% ] [90m[1mreimport[22m | 15_enhanced.png[39m[0m
[  80% ] [90m[1mreimport[22m | 14_original.png[39m[0m
[  80% ] [90m[1mreimport[22m | 14_enhanced.png[39m[0m
[  80% ] [90m[1mreimport[22m | 13_original.png[39m[0m
[  80% ] [90m[1mreimport[22m | 13_enhanced.png[39m[0m
[  80% ] [90m[1mreimport[22m | 12_original.png[39m[0m
[  80% ] [90m[1mreimport[22m | 12_enhanced.png[39m[0m
[  80% ] [90m[1mreimport[22m | 11_original.png[39m[0m
[  81% ] [90m[1mreimport[22m | 11_enhanced.png[39m[0m
[  81% ] [90m[1mreimport[22m | 18_original.png[39m[0m
[  81% ] [90m[1mreimport[22m | 18_enhanced.png[39m[0m
[  81% ] [90m[1mreimport[22m | 17_original.png[39m[0m
[  81% ] [90m[1mreimport[22m | 17_enhanced.png[39m[0m
[  81% ] [90m[1mreimport[22m | 16_original.png[39m[0m
[  81% ] [90m[1mreimport[22m | 16_enhanced.png[39m[0m
[  81% ] [90m[1mreimport[22m | 15_original.png[39m[0m
[  81% ] [90m[1mreimport[22m | 15_enhanced.png[39m[0m
[  81% ] [90m[1mreimport[22m | 14_original.png[39m[0m
[  81% ] [90m[1mreimport[22m | 14_enhanced.png[39m[0m
[  81% ] [90m[1mreimport[22m | 13_original.png[39m[0m
[  82% ] [90m[1mreimport[22m | 13_enhanced.png[39m[0m
[  82% ] [90m[1mreimport[22m | 12_original.png[39m[0m
[  82% ] [90m[1mreimport[22m | 12_enhanced.png[39m[0m
[  82% ] [90m[1mreimport[22m | 11_original.png[39m[0m
[  82% ] [90m[1mreimport[22m | 11_enhanced.png[39m[0m
[  82% ] [90m[1mreimport[22m | 10_original.png[39m[0m
[  82% ] [90m[1mreimport[22m | 10_enhanced.png[39m[0m
[  82% ] [90m[1mreimport[22m | 09_original.png[39m[0m
[  82% ] [90m[1mreimport[22m | 11_original.png[39m[0m
[  82% ] [90m[1mreimport[22m | 11_enhanced.png[39m[0m
[  82% ] [90m[1mreimport[22m | 10_original.png[39m[0m
[  82% ] [90m[1mreimport[22m | 10_enhanced.png[39m[0m
[  82% ] [90m[1mreimport[22m | 09_original.png[39m[0m
[  83% ] [90m[1mreimport[22m | 09_enhanced.png[39m[0m
[  83% ] [90m[1mreimport[22m | 08_original.png[39m[0m
[  83% ] [90m[1mreimport[22m | 08_enhanced.png[39m[0m
[  83% ] [90m[1mreimport[22m | 07_original.png[39m[0m
[  83% ] [90m[1mreimport[22m | 07_enhanced.png[39m[0m
[  83% ] [90m[1mreimport[22m | 06_original.png[39m[0m
[  83% ] [90m[1mreimport[22m | 06_enhanced.png[39m[0m
[  83% ] [90m[1mreimport[22m | 05_original.png[39m[0m
[  83% ] [90m[1mreimport[22m | 05_enhanced.png[39m[0m
[  83% ] [90m[1mreimport[22m | 04_original.png[39m[0m
[  83% ] [90m[1mreimport[22m | 04_enhanced.png[39m[0m
[  83% ] [90m[1mreimport[22m | 20_original.png[39m[0m
[  84% ] [90m[1mreimport[22m | 20_enhanced.png[39m[0m
[  84% ] [90m[1mreimport[22m | 19_original.png[39m[0m
[  84% ] [90m[1mreimport[22m | 19_enhanced.png[39m[0m
[  84% ] [90m[1mreimport[22m | 16_enhanced.png[39m[0m
[  84% ] [90m[1mreimport[22m | 15_original.png[39m[0m
[  84% ] [90m[1mreimport[22m | 15_enhanced.png[39m[0m
[  84% ] [90m[1mreimport[22m | 14_original.png[39m[0m
[  84% ] [90m[1mreimport[22m | 14_enhanced.png[39m[0m
[  84% ] [90m[1mreimport[22m | 13_original.png[39m[0m
[  84% ] [90m[1mreimport[22m | 13_enhanced.png[39m[0m
[  84% ] [90m[1mreimport[22m | 12_original.png[39m[0m
[  84% ] [90m[1mreimport[22m | 12_enhanced.png[39m[0m
[  84% ] [90m[1mreimport[22m | 11_original.png[39m[0m
[  85% ] [90m[1mreimport[22m | 11_enhanced.png[39m[0m
[  85% ] [90m[1mreimport[22m | 10_original.png[39m[0m
[  85% ] [90m[1mreimport[22m | 10_enhanced.png[39m[0m
[  85% ] [90m[1mreimport[22m | 09_original.png[39m[0m
[  85% ] [90m[1mreimport[22m | 09_enhanced.png[39m[0m
[  85% ] [90m[1mreimport[22m | 08_original.png[39m[0m
[  85% ] [90m[1mreimport[22m | 08_enhanced.png[39m[0m
[  85% ] [90m[1mreimport[22m | 07_original.png[39m[0m
[  85% ] [90m[1mreimport[22m | 07_enhanced.png[39m[0m
[  85% ] [90m[1mreimport[22m | 06_original.png[39m[0m
[  85% ] [90m[1mreimport[22m | 09_enhanced.png[39m[0m
[  85% ] [90m[1mreimport[22m | 08_original.png[39m[0m
[  85% ] [90m[1mreimport[22m | 08_enhanced.png[39m[0m
[  86% ] [90m[1mreimport[22m | 07_original.png[39m[0m
[  86% ] [90m[1mreimport[22m | 07_enhanced.png[39m[0m
[  86% ] [90m[1mreimport[22m | 06_original.png[39m[0m
[  86% ] [90m[1mreimport[22m | 06_enhanced.png[39m[0m
[  86% ] [90m[1mreimport[22m | 05_original.png[39m[0m
[  86% ] [90m[1mreimport[22m | 05_enhanced.png[39m[0m
[  86% ] [90m[1mreimport[22m | 04_original.png[39m[0m
[  86% ] [90m[1mreimport[22m | 04_enhanced.png[39m[0m
[  86% ] [90m[1mreimport[22m | 20_original.png[39m[0m
[  86% ] [90m[1mreimport[22m | 20_enhanced.png[39m[0m
[  86% ] [90m[1mreimport[22m | 19_original.png[39m[0m
[  86% ] [90m[1mreimport[22m | 19_enhanced.png[39m[0m
[  87% ] [90m[1mreimport[22m | 18_original.png[39m[0m
[  87% ] [90m[1mreimport[22m | 18_enhanced.png[39m[0m
[  87% ] [90m[1mreimport[22m | 17_original.png[39m[0m
[  87% ] [90m[1mreimport[22m | 17_enhanced.png[39m[0m
[  87% ] [90m[1mreimport[22m | 16_original.png[39m[0m
[  87% ] [90m[1mreimport[22m | 19_original.png[39m[0m
[  87% ] [90m[1mreimport[22m | 19_enhanced.png[39m[0m
[  87% ] [90m[1mreimport[22m | 18_original.png[39m[0m
[  87% ] [90m[1mreimport[22m | 18_enhanced.png[39m[0m
[  87% ] [90m[1mreimport[22m | 17_original.png[39m[0m
[  87% ] [90m[1mreimport[22m | 17_enhanced.png[39m[0m
[  87% ] [90m[1mreimport[22m | 16_original.png[39m[0m
[  87% ] [90m[1mreimport[22m | 16_enhanced.png[39m[0m
[  88% ] [90m[1mreimport[22m | 15_original.png[39m[0m
[  88% ] [90m[1mreimport[22m | 15_enhanced.png[39m[0m
[  88% ] [90m[1mreimport[22m | 14_original.png[39m[0m
[  88% ] [90m[1mreimport[22m | 14_enhanced.png[39m[0m
[  88% ] [90m[1mreimport[22m | 13_original.png[39m[0m
[  88% ] [90m[1mreimport[22m | 13_enhanced.png[39m[0m
[  88% ] [90m[1mreimport[22m | 12_original.png[39m[0m
[  88% ] [90m[1mreimport[22m | 12_enhanced.png[39m[0m
[  88% ] [90m[1mreimport[22m | 11_original.png[39m[0m
[  88% ] [90m[1mreimport[22m | 11_enhanced.png[39m[0m
[  88% ] [90m[1mreimport[22m | 10_original.png[39m[0m
[  88% ] [90m[1mreimport[22m | 12_original.png[39m[0m
[  89% ] [90m[1mreimport[22m | 12_enhanced.png[39m[0m
[  89% ] [90m[1mreimport[22m | 11_original.png[39m[0m
[  89% ] [90m[1mreimport[22m | 11_enhanced.png[39m[0m
[  89% ] [90m[1mreimport[22m | 10_original.png[39m[0m
[  89% ] [90m[1mreimport[22m | 10_enhanced.png[39m[0m
[  89% ] [90m[1mreimport[22m | 09_original.png[39m[0m
[  89% ] [90m[1mreimport[22m | 09_enhanced.png[39m[0m
[  89% ] [90m[1mreimport[22m | 08_original.png[39m[0m
[  89% ] [90m[1mreimport[22m | 08_enhanced.png[39m[0m
[  89% ] [90m[1mreimport[22m | 07_original.png[39m[0m
[  89% ] [90m[1mreimport[22m | 07_enhanced.png[39m[0m
[  89% ] [90m[1mreimport[22m | 06_original.png[39m[0m
[  89% ] [90m[1mreimport[22m | 06_enhanced.png[39m[0m
[  90% ] [90m[1mreimport[22m | 05_original.png[39m[0m
[  90% ] [90m[1mreimport[22m | 05_enhanced.png[39m[0m
[  90% ] [90m[1mreimport[22m | 04_original.png[39m[0m
[  90% ] [90m[1mreimport[22m | 04_enhanced.png[39m[0m
[  90% ] [90m[1mreimport[22m | 20_original.png[39m[0m
[  90% ] [90m[1mreimport[22m | 20_enhanced.png[39m[0m
[  90% ] [90m[1mreimport[22m | 17_enhanced.png[39m[0m
[  90% ] [90m[1mreimport[22m | 16_original.png[39m[0m
[  90% ] [90m[1mreimport[22m | 16_enhanced.png[39m[0m
[  90% ] [90m[1mreimport[22m | 15_original.png[39m[0m
[  90% ] [90m[1mreimport[22m | 15_enhanced.png[39m[0m
[  90% ] [90m[1mreimport[22m | 14_original.png[39m[0m
[  91% ] [90m[1mreimport[22m | 14_enhanced.png[39m[0m
[  91% ] [90m[1mreimport[22m | 13_original.png[39m[0m
[  91% ] [90m[1mreimport[22m | 13_enhanced.png[39m[0m
[  91% ] [90m[1mreimport[22m | 12_original.png[39m[0m
[  91% ] [90m[1mreimport[22m | 12_enhanced.png[39m[0m
[  91% ] [90m[1mreimport[22m | 11_original.png[39m[0m
[  91% ] [90m[1mreimport[22m | 11_enhanced.png[39m[0m
[  91% ] [90m[1mreimport[22m | 10_original.png[39m[0m
[  91% ] [90m[1mreimport[22m | 10_enhanced.png[39m[0m
[  91% ] [90m[1mreimport[22m | 09_original.png[39m[0m
[  91% ] [90m[1mreimport[22m | 09_enhanced.png[39m[0m
[  91% ] [90m[1mreimport[22m | 08_original.png[39m[0m
[  91% ] [90m[1mreimport[22m | 08_enhanced.png[39m[0m
[  92% ] [90m[1mreimport[22m | 10_enhanced.png[39m[0m
[  92% ] [90m[1mreimport[22m | 09_original.png[39m[0m
[  92% ] [90m[1mreimport[22m | 09_enhanced.png[39m[0m
[  92% ] [90m[1mreimport[22m | 08_original.png[39m[0m
[  92% ] [90m[1mreimport[22m | 08_enhanced.png[39m[0m
[  92% ] [90m[1mreimport[22m | 07_original.png[39m[0m
[  92% ] [90m[1mreimport[22m | 07_enhanced.png[39m[0m
[  92% ] [90m[1mreimport[22m | 06_original.png[39m[0m
[  92% ] [90m[1mreimport[22m | 06_enhanced.png[39m[0m
[  92% ] [90m[1mreimport[22m | 05_original.png[39m[0m
[  92% ] [90m[1mreimport[22m | 05_enhanced.png[39m[0m
[  92% ] [90m[1mreimport[22m | 04_original.png[39m[0m
[  92% ] [90m[1mreimport[22m | 04_enhanced.png[39m[0m
[  93% ] [90m[1mreimport[22m | 20_original.png[39m[0m
[  93% ] [90m[1mreimport[22m | 20_enhanced.png[39m[0m
[  93% ] [90m[1mreimport[22m | 19_original.png[39m[0m
[  93% ] [90m[1mreimport[22m | 19_enhanced.png[39m[0m
[  93% ] [90m[1mreimport[22m | 18_original.png[39m[0m
[  93% ] [90m[1mreimport[22m | 18_enhanced.png[39m[0m
[  93% ] [90m[1mreimport[22m | 17_original.png[39m[0m
[  93% ] [90m[1mreimport[22m | 08_enhanced.png[39m[0m
[  93% ] [90m[1mreimport[22m | 07_original.png[39m[0m
[  93% ] [90m[1mreimport[22m | 07_enhanced.png[39m[0m
[  93% ] [90m[1mreimport[22m | 06_original.png[39m[0m
[  93% ] [90m[1mreimport[22m | 06_enhanced.png[39m[0m
[  94% ] [90m[1mreimport[22m | 05_original.png[39m[0m
[  94% ] [90m[1mreimport[22m | 05_enhanced.png[39m[0m
[  94% ] [90m[1mreimport[22m | 04_original.png[39m[0m
[  94% ] [90m[1mreimport[22m | 04_enhanced.png[39m[0m
[  94% ] [90m[1mreimport[22m | 20_original.png[39m[0m
[  94% ] [90m[1mreimport[22m | 20_enhanced.png[39m[0m
[  94% ] [90m[1mreimport[22m | 19_original.png[39m[0m
[  94% ] [90m[1mreimport[22m | 19_enhanced.png[39m[0m
[  94% ] [90m[1mreimport[22m | 18_original.png[39m[0m
[  94% ] [90m[1mreimport[22m | 18_enhanced.png[39m[0m
[  94% ] [90m[1mreimport[22m | 17_original.png[39m[0m
[  94% ] [90m[1mreimport[22m | 17_enhanced.png[39m[0m
[  94% ] [90m[1mreimport[22m | 16_original.png[39m[0m
[  95% ] [90m[1mreimport[22m | 16_enhanced.png[39m[0m
[  95% ] [90m[1mreimport[22m | 18_enhanced.png[39m[0m
[  95% ] [90m[1mreimport[22m | 17_original.png[39m[0m
[  95% ] [90m[1mreimport[22m | 17_enhanced.png[39m[0m
[  95% ] [90m[1mreimport[22m | 16_original.png[39m[0m
[  95% ] [90m[1mreimport[22m | 16_enhanced.png[39m[0m
[  95% ] [90m[1mreimport[22m | 15_original.png[39m[0m
[  95% ] [90m[1mreimport[22m | 15_enhanced.png[39m[0m
[  95% ] [90m[1mreimport[22m | 14_original.png[39m[0m
[  95% ] [90m[1mreimport[22m | 14_enhanced.png[39m[0m
[  95% ] [90m[1mreimport[22m | 13_original.png[39m[0m
[  95% ] [90m[1mreimport[22m | 13_enhanced.png[39m[0m
[  96% ] [90m[1mreimport[22m | 12_original.png[39m[0m
[  96% ] [90m[1mreimport[22m | 12_enhanced.png[39m[0m
[  96% ] [90m[1mreimport[22m | 11_original.png[39m[0m
[  96% ] [90m[1mreimport[22m | 11_enhanced.png[39m[0m
[  96% ] [90m[1mreimport[22m | 10_original.png[39m[0m
[  96% ] [90m[1mreimport[22m | 10_enhanced.png[39m[0m
[  96% ] [90m[1mreimport[22m | 09_original.png[39m[0m
[  96% ] [90m[1mreimport[22m | 09_enhanced.png[39m[0m
[  96% ] [90m[1mreimport[22m | 08_original.png[39m[0m
[  96% ] [90m[1mreimport[22m | 05_original.png[39m[0m
[  96% ] [90m[1mreimport[22m | 05_enhanced.png[39m[0m
[  96% ] [90m[1mreimport[22m | 04_original.png[39m[0m
[  96% ] [90m[1mreimport[22m | 04_enhanced.png[39m[0m
[  97% ] [90m[1mreimport[22m | 20_original.png[39m[0m
[  97% ] [90m[1mreimport[22m | 20_enhanced.png[39m[0m
[  97% ] [90m[1mreimport[22m | 19_original.png[39m[0m
[  97% ] [90m[1mreimport[22m | 19_enhanced.png[39m[0m
[  97% ] [90m[1mreimport[22m | 18_original.png[39m[0m
[  97% ] [90m[1mreimport[22m | 18_enhanced.png[39m[0m
[  97% ] [90m[1mreimport[22m | 17_original.png[39m[0m
[  97% ] [90m[1mreimport[22m | 17_enhanced.png[39m[0m
[  97% ] [90m[1mreimport[22m | 16_original.png[39m[0m
[  97% ] [90m[1mreimport[22m | 16_enhanced.png[39m[0m
[  97% ] [90m[1mreimport[22m | 15_original.png[39m[0m
[  97% ] [90m[1mreimport[22m | 15_enhanced.png[39m[0m
[  98% ] [90m[1mreimport[22m | 14_original.png[39m[0m
[  98% ] [90m[1mreimport[22m | 14_enhanced.png[39m[0m
[  98% ] [90m[1mreimport[22m | 13_original.png[39m[0m
[  98% ] [90m[1mreimport[22m | 13_enhanced.png[39m[0m
[  98% ] [90m[1mreimport[22m | 15_original.png[39m[0m
[  98% ] [90m[1mreimport[22m | 15_enhanced.png[39m[0m
[  98% ] [90m[1mreimport[22m | 14_original.png[39m[0m
[  98% ] [90m[1mreimport[22m | 14_enhanced.png[39m[0m
[  98% ] [90m[1mreimport[22m | 13_original.png[39m[0m
[  98% ] [90m[1mreimport[22m | 13_enhanced.png[39m[0m
[  98% ] [90m[1mreimport[22m | 12_original.png[39m[0m
[  98% ] [90m[1mreimport[22m | 12_enhanced.png[39m[0m
[  98% ] [90m[1mreimport[22m | 11_original.png[39m[0m
[  99% ] [90m[1mreimport[22m | 11_enhanced.png[39m[0m
[  99% ] [90m[1mreimport[22m | 10_original.png[39m[0m
[  99% ] [90m[1mreimport[22m | 10_enhanced.png[39m[0m
[  99% ] [90m[1mreimport[22m | 09_original.png[39m[0m
[  99% ] [90m[1mreimport[22m | 09_enhanced.png[39m[0m
[  99% ] [90m[1mreimport[22m | 08_original.png[39m[0m
[  99% ] [90m[1mreimport[22m | 08_enhanced.png[39m[0m
[  99% ] [90m[1mreimport[22m | 07_original.png[39m[0m
[  99% ] [90m[1mreimport[22m | 07_enhanced.png[39m[0m
[  99% ] [90m[1mreimport[22m | 06_original.png[39m[0m
[  99% ] [90m[1mreimport[22m | 06_enhanced.png[39m[0m
[  99% ] [90m[1mreimport[22m | Finalizando la importación de recursos...[39m[0m
[92m[ DONE ][39m [1mreimport[22m
[0m
[   0% ] [90m[1mreimport[22m | Started (Re)Importación de Assets (1256 steps)[39m[0m
[   0% ] [90m[1mreimport[22m | Ejecutando operaciones post-reimportación...[39m[0m
[92m[ DONE ][39m [1mreimport[22m
[0m
[   0% ] [90m[1mloading_editor_layout[22m | Started Cargando editor (5 steps)[39m[0m
[   0% ] [90m[1mloading_editor_layout[22m | Cargando diseño del editor...[39m[0m
[  16% ] [90m[1mloading_editor_layout[22m | Cargando docks...[39m[0m
[92m[ DONE ][39m [1mloading_editor_layout[22m
[0m
